Date,TotalBoardedDrivers,Active Drivers,OnlineHours,HasBooking,WaitingforBooking,HoursperActiveDriver,RidesperOnlineHour
1/26/2025 0:16:10,75,142,169.24,40.48,128.76,1.19,0.92
1/26/2025 1:56:29,42,60,81.07,19.39,61.68,1.35,1.25
1/26/2025 2:17:27,35,49,75.38,18.03,57.35,1.54,1.21
1/26/2025 3:54:27,35,51,89.6,21.43,68.17,1.76,1.40
1/26/2025 4:28:49,22,26,36.98,8.84,28.13,1.42,3.27
1/26/2025 5:30:20,24,31,54.04,12.93,41.12,1.74,2.66
1/26/2025 6:25:38,44,71,118.04,28.23,89.81,1.66,2.84
1/26/2025 7:32:51,108,216,190.57,45.58,144.99,0.88,2.88
1/26/2025 8:30:43,125,399,277.33,66.33,211,0.70,0.98
1/26/2025 9:33:12,126,410,285.86,68.37,217.49,0.70,0.93
1/26/2025 10:38:41,129,445,230.4,55.1,175.29,0.52,1.13
1/26/2025 11:49:40,120,391,207.64,49.66,157.98,0.53,1.22
1/26/2025 12:56:27,118,491,318.57,76.19,242.38,0.65,1.10
1/26/2025 13:16:31,142,430,386.84,92.52,294.32,0.90,0.94
1/26/2025 14:23:50,118,310,310.04,74.15,235.89,1.00,0.90
1/26/2025 15:38:33,127,328,301.51,72.11,229.39,0.92,1.08
1/26/2025 16:20:48,155,381,395.37,94.56,300.81,1.04,0.96
1/26/2025 17:49:49,178,469,436.61,104.43,332.19,0.93,0.87
1/26/2025 18:25:05,152,393,302.93,72.45,230.48,0.77,1.03
1/26/2025 19:47:05,151,435,358.39,85.72,272.68,0.82,0.84
1/26/2025 20:37:17,139,120,288.71,69.05,219.66,2.41,1.17
1/26/2025 21:50:09,137,124,312.88,74.83,238.05,2.52,1.03
1/26/2025 22:16:07,113,88,237.51,56.81,180.7,2.70,1.13
1/26/2025 23:35:06,95,76,254.57,60.89,193.69,3.35,0.93
1/27/2025 0:15:30,67,117,131.84,37.03,94.82,1.13,1.43
1/27/2025 1:51:16,46,74,108.35,30.43,77.92,1.46,1.05
1/27/2025 2:05:25,29,40,70.49,19.8,50.7,1.76,1.09
1/27/2025 3:12:14,25,33,60.05,16.86,43.18,1.82,2.23
1/27/2025 4:02:37,23,29,45.69,12.83,32.86,1.58,2.65
1/27/2025 5:14:38,18,21,33.94,9.53,24.41,1.62,4.80
1/27/2025 6:12:38,44,69,99.21,27.86,71.35,1.44,4.29
1/27/2025 7:19:49,98,217,215.39,60.49,154.9,0.99,3.52
1/27/2025 8:50:23,129,421,268.91,75.52,193.39,0.64,1.41
1/27/2025 9:02:07,143,439,242.8,68.19,174.62,0.55,1.56
1/27/2025 10:39:53,138,563,287.19,80.65,206.54,0.51,1.18
1/27/2025 11:34:56,130,473,236.28,66.35,169.92,0.50,1.50
1/27/2025 12:23:50,123,460,249.33,70.02,179.31,0.54,1.94
1/27/2025 13:04:53,126,352,318.52,89.45,229.07,0.90,1.75
1/27/2025 14:41:20,126,310,259.77,72.95,186.82,0.84,1.66
1/27/2025 15:49:14,136,317,236.28,66.35,169.92,0.75,1.95
1/27/2025 16:35:02,144,266,233.66,65.62,168.05,0.88,2.08
1/27/2025 17:46:26,157,322,278.05,78.08,199.96,0.86,1.68
1/27/2025 18:18:56,152,428,322.43,90.55,231.88,0.75,1.46
1/27/2025 19:56:28,153,491,392.92,110.34,282.58,0.80,0.96
1/27/2025 20:08:43,155,145,305.46,85.78,219.68,2.11,1.63
1/27/2025 21:13:12,159,162,348.54,97.88,250.66,2.15,1.18
1/27/2025 22:46:48,141,144,351.15,98.61,252.54,2.44,1.05
1/27/2025 23:42:29,125,100,237.58,66.72,170.86,2.38,1.44
1/28/2025 0:35:18,86,167,159.13,45.69,113.44,0.95,1.46
1/28/2025 1:30:52,49,74,87.05,25,62.05,1.18,1.39
1/28/2025 2:35:55,37,58,95.21,27.34,67.87,1.64,1.01
1/28/2025 3:27:22,31,41,55.76,16.01,39.75,1.36,2.64
1/28/2025 4:10:45,24,32,59.85,17.18,42.66,1.87,2.46
1/28/2025 5:37:09,17,21,38.08,10.94,27.15,1.81,5.09
1/28/2025 6:48:27,42,61,77.53,22.26,55.27,1.27,4.80
1/28/2025 7:49:07,91,189,182.26,52.33,129.92,0.96,3.56
1/28/2025 8:03:29,118,382,252.98,72.64,180.34,0.66,1.30
1/28/2025 9:10:20,112,315,197.22,56.63,140.59,0.63,1.37
1/28/2025 10:19:26,139,567,273.38,78.5,194.88,0.48,1.19
1/28/2025 11:47:37,123,562,327.79,94.12,233.67,0.58,1.14
1/28/2025 12:10:18,123,455,233.94,67.18,166.77,0.51,2.03
1/28/2025 13:25:07,122,279,218.98,62.88,156.1,0.78,2.39
1/28/2025 14:24:16,116,252,199.94,57.41,142.53,0.79,2.02
1/28/2025 15:24:44,131,365,303.31,87.09,216.21,0.83,1.45
1/28/2025 16:16:51,130,267,266.58,76.55,190.04,1.00,1.89
1/28/2025 17:29:34,154,324,277.46,79.67,197.79,0.86,1.54
1/28/2025 18:27:54,145,426,329.15,94.51,234.64,0.77,1.17
1/28/2025 19:42:46,159,416,274.74,78.89,195.85,0.66,1.47
1/28/2025 20:38:11,179,236,484.2,139.04,345.17,2.05,0.91
1/28/2025 21:32:48,144,120,243.46,69.91,173.55,2.03,1.61
1/28/2025 22:28:09,127,113,269.3,77.33,191.97,2.38,1.28
1/28/2025 23:09:16,101,74,190.42,54.68,135.74,2.57,1.52
1/29/2025 0:50:55,75,131,130.22,38.49,91.73,0.99,1.54
1/29/2025 1:54:12,52,82,98.62,29.15,69.47,1.20,1.52
1/29/2025 2:14:25,37,53,75.86,22.42,53.44,1.43,1.36
1/29/2025 3:43:10,35,47,60.69,17.94,42.75,1.29,2.77
1/29/2025 4:14:34,27,35,54.37,16.07,38.3,1.55,4.23
1/29/2025 5:05:14,21,26,42.99,12.71,30.28,1.65,4.09
1/29/2025 6:23:37,35,48,64.48,19.06,45.42,1.34,5.86
1/29/2025 7:16:17,92,169,144.13,42.6,101.53,0.85,4.41
1/29/2025 8:06:23,121,345,206.08,60.91,145.17,0.60,1.59
1/29/2025 9:27:43,134,433,256.65,75.86,180.79,0.59,1.33
1/29/2025 10:23:09,128,473,236.42,69.88,166.54,0.50,1.27
1/29/2025 11:05:40,131,568,307.23,90.81,216.42,0.54,1.24
1/29/2025 12:41:27,127,460,228.84,67.64,161.2,0.50,1.79
1/29/2025 13:02:33,124,338,298.38,88.19,210.18,0.88,1.55
1/29/2025 14:30:44,123,336,299.64,88.57,211.07,0.89,1.11
1/29/2025 15:31:56,135,305,217.46,64.28,153.18,0.71,1.73
1/29/2025 16:19:56,159,339,288.26,85.2,203.06,0.85,1.60
1/29/2025 17:51:40,169,351,276.88,81.84,195.04,0.79,1.50
1/29/2025 18:12:47,167,526,371.71,109.87,261.84,0.71,1.10
1/29/2025 19:54:19,185,597,385.61,113.98,271.63,0.65,1.12
1/29/2025 20:22:49,185,178,312.28,92.3,219.98,1.75,1.61
1/29/2025 21:37:17,180,172,309.75,91.56,218.2,1.80,1.59
1/29/2025 22:04:07,148,124,250.33,73.99,176.34,2.02,1.44
1/29/2025 23:42:54,111,99,274.35,81.09,193.26,2.77,1.16
1/30/2025 0:54:29,70,134,148.91,50.48,98.43,1.11,1.33
1/30/2025 1:04:16,62,105,112.81,38.24,74.57,1.07,1.39
1/30/2025 2:51:34,47,67,71.07,24.09,46.98,1.06,2.14
1/30/2025 3:21:08,34,44,46.25,15.68,30.57,1.05,3.76
1/30/2025 4:49:46,26,33,42.87,14.53,28.34,1.30,4.25
1/30/2025 5:08:45,18,21,31.59,10.71,20.88,1.50,5.44
1/30/2025 6:14:33,47,77,104.92,35.57,69.35,1.36,3.54
1/30/2025 7:56:35,89,184,174.86,59.28,115.58,0.95,3.07
1/30/2025 8:44:38,102,268,168.09,56.98,111.11,0.63,1.88
1/30/2025 9:10:38,129,460,286.54,97.14,189.41,0.62,1.22
1/30/2025 10:26:06,123,428,200.81,68.07,132.73,0.47,1.69
1/30/2025 11:28:50,120,400,187.27,63.48,123.78,0.47,1.79
1/30/2025 12:31:02,123,512,274.13,92.93,181.2,0.54,1.40
1/30/2025 13:44:49,107,253,223.37,75.72,147.65,0.88,2.05
1/30/2025 14:48:05,117,256,195.17,66.16,129,0.76,2.64
1/30/2025 15:40:28,122,304,244.8,82.99,161.81,0.81,2.16
1/30/2025 16:39:52,130,218,180.5,61.19,119.31,0.83,4.14
1/30/2025 17:39:20,163,374,306.85,104.02,202.83,0.82,2.09
1/30/2025 18:53:09,164,491,327.16,110.91,216.25,0.67,2.17
1/30/2025 19:15:35,179,572,359.87,122,237.87,0.63,1.71
1/30/2025 20:50:37,175,202,389.2,131.94,257.26,1.93,1.72
1/30/2025 21:20:40,181,168,279.77,94.84,184.93,1.67,2.45
1/30/2025 22:12:54,173,158,270.75,91.78,178.97,1.71,2.55
1/30/2025 23:28:38,154,148,295.57,100.2,195.37,2.00,1.59
1/31/2025 0:29:02,116,306,239.15,77.59,161.56,0.78,1.72
1/31/2025 1:32:04,83,193,193.91,62.91,131,1.00,1.52
1/31/2025 2:19:55,82,181,175.81,57.04,118.77,0.97,1.47
1/31/2025 3:50:07,65,136,160.3,52.01,108.29,1.18,2.05
1/31/2025 4:41:03,46,78,100.83,32.71,68.12,1.29,3.87
1/31/2025 5:04:53,29,41,62.05,20.13,41.92,1.51,4.77
1/31/2025 6:40:22,36,51,62.05,20.13,41.92,1.22,4.64
1/31/2025 7:34:10,32,45,60.76,19.71,41.05,1.35,4.49
1/31/2025 8:18:39,36,74,86.61,28.1,58.51,1.17,2.19
1/31/2025 9:51:05,33,64,72.39,23.49,48.9,1.13,2.13
1/31/2025 10:09:29,23,47,41.37,13.42,27.95,0.88,4.23
1/31/2025 11:56:28,18,36,43.95,14.26,29.69,1.22,4.94
1/31/2025 12:47:26,18,34,29.73,9.65,20.09,0.87,4.41
1/31/2025 13:19:47,53,93,111.17,36.07,75.1,1.20,2.78
1/31/2025 14:26:22,59,116,140.91,45.72,95.19,1.21,2.82
1/31/2025 15:23:44,88,203,191.32,62.07,129.25,0.94,2.29
1/31/2025 16:24:25,132,269,226.23,73.4,152.83,0.84,2.86
1/31/2025 17:06:49,140,317,267.59,86.82,180.77,0.84,2.16
1/31/2025 18:48:56,141,446,316.72,102.76,213.96,0.71,1.66
1/31/2025 19:29:40,152,421,258.54,83.88,174.66,0.61,2.03
1/31/2025 20:23:04,174,199,339.98,110.31,229.68,1.71,2.15
1/31/2025 21:06:02,185,247,422.72,137.15,285.57,1.71,1.90
1/31/2025 22:15:50,179,253,455.04,147.63,307.4,1.80,1.51
1/31/2025 23:03:18,158,176,329.64,106.95,222.69,1.87,1.57
2/1/2025 0:45:46,150,472,329.97,96.3,233.67,0.70,1.61
2/1/2025 1:55:15,99,239,217.93,63.6,154.33,0.91,1.61
2/1/2025 2:08:10,62,106,109.58,31.98,77.6,1.03,2.12
2/1/2025 3:46:12,68,125,128.05,37.37,90.68,1.02,2.98
2/1/2025 4:11:47,40,59,73.87,21.56,52.32,1.25,4.26
2/1/2025 5:13:54,37,57,82.49,24.07,58.42,1.45,3.48
2/1/2025 6:50:31,41,67,97.27,28.39,68.88,1.45,3.73
2/1/2025 7:31:17,48,79,100.96,29.46,71.5,1.28,4.93
2/1/2025 8:42:23,50,104,91.11,26.59,64.52,0.88,2.14
2/1/2025 9:05:41,54,129,128.05,37.37,90.68,0.99,1.63
2/1/2025 10:28:39,60,178,137.9,40.24,97.66,0.77,1.58
2/1/2025 11:10:32,58,169,132.97,38.81,94.17,0.79,1.35
2/1/2025 12:41:30,77,221,129.28,37.73,91.55,0.58,1.23
2/1/2025 13:56:29,93,199,176.07,51.38,124.68,0.88,1.20
2/1/2025 14:37:17,94,226,216.7,63.24,153.46,0.96,1.24
2/1/2025 15:19:47,108,246,197,57.49,139.51,0.80,1.38
2/1/2025 16:28:54,132,309,295.5,86.24,209.26,0.96,1.62
2/1/2025 17:50:04,153,318,245.02,71.51,173.51,0.77,1.63
2/1/2025 18:25:36,172,461,258.56,75.46,183.1,0.56,1.71
2/1/2025 19:37:19,151,513,369.37,107.8,261.58,0.72,1.02
2/1/2025 20:50:06,145,150,307.81,89.83,217.98,2.05,1.58
2/1/2025 21:50:12,137,146,323.82,94.5,229.31,2.22,1.41
2/1/2025 22:50:06,117,113,281.96,82.29,199.67,2.50,1.53
2/1/2025 23:46:13,109,83,184.69,53.9,130.79,2.23,1.67
2/2/2025 0:54:35,71,133,147.01,38.42,108.59,1.11,1.35
2/2/2025 1:04:24,58,96,108.99,28.48,80.5,1.14,1.60
2/2/2025 2:46:18,50,86,120.39,31.46,88.93,1.40,0.94
2/2/2025 3:26:36,35,47,57.03,14.9,42.12,1.21,2.31
2/2/2025 4:48:36,24,31,45.62,11.92,33.7,1.47,3.81
2/2/2025 5:17:43,23,28,39.29,10.27,29.02,1.40,5.06
2/2/2025 6:18:48,39,56,74.77,19.54,55.23,1.34,6.34
2/2/2025 7:29:26,89,203,214.17,55.97,158.2,1.06,3.62
2/2/2025 8:26:39,108,280,166.01,43.39,122.63,0.59,1.78
2/2/2025 9:38:50,127,381,219.24,57.3,161.94,0.58,1.39
2/2/2025 10:39:11,129,502,250.92,65.58,185.35,0.50,1.21
2/2/2025 11:13:50,108,342,172.35,45.04,127.31,0.50,1.93
2/2/2025 12:37:03,110,380,202.77,52.99,149.77,0.53,1.92
2/2/2025 13:48:53,105,251,233.18,60.94,172.24,0.93,1.67
2/2/2025 14:48:13,110,290,273.73,71.54,202.19,0.94,1.16
2/2/2025 15:40:07,116,276,230.65,60.28,170.37,0.84,1.44
2/2/2025 16:45:37,148,354,333.3,87.11,246.19,0.94,1.24
2/2/2025 17:52:39,183,467,367.51,96.05,271.47,0.79,1.06
2/2/2025 18:18:19,167,535,368.78,96.38,272.4,0.69,1.06
2/2/2025 19:19:55,156,396,257.26,67.23,190.03,0.65,1.42
2/2/2025 20:30:42,162,165,329.49,86.11,243.38,2.00,1.17
2/2/2025 21:03:45,154,174,386.52,101.02,285.51,2.22,0.97
2/2/2025 22:25:52,116,96,235.72,61.6,174.11,2.46,1.17
2/2/2025 23:40:41,113,83,191.36,50.01,141.35,2.31,1.26
2/3/2025 0:20:51,72,133,137.16,38.15,99.01,1.03,1.17
2/3/2025 1:38:05,45,67,79.28,22.05,57.23,1.18,1.50
2/3/2025 2:25:56,36,56,90.6,25.2,65.4,1.62,1.15
2/3/2025 3:07:15,29,38,47.82,13.3,34.52,1.26,3.07
2/3/2025 4:41:43,24,33,57.88,16.1,41.79,1.75,2.19
2/3/2025 5:47:26,20,24,31.46,8.75,22.71,1.31,4.58
2/3/2025 6:54:27,38,57,79.28,22.05,57.23,1.39,3.88
2/3/2025 7:37:09,106,224,179.94,50.04,129.9,0.80,3.30
2/3/2025 8:08:44,120,425,278.09,77.34,200.75,0.65,1.06
2/3/2025 9:24:05,139,433,225.24,62.64,162.6,0.52,1.41
2/3/2025 10:46:34,127,515,257.96,71.74,186.22,0.50,1.06
2/3/2025 11:15:16,121,517,281.87,78.39,203.48,0.55,1.06
2/3/2025 12:04:31,107,368,193.78,53.89,139.89,0.53,1.90
2/3/2025 13:23:45,111,271,232.79,64.74,168.05,0.86,1.72
2/3/2025 14:27:23,126,308,232.79,64.74,168.05,0.76,1.51
2/3/2025 15:13:50,109,261,225.24,62.64,162.6,0.86,1.50
2/3/2025 16:52:33,135,269,240.34,66.84,173.5,0.89,1.61
2/3/2025 17:05:33,141,298,265.51,73.84,191.67,0.89,1.60
2/3/2025 18:41:15,162,487,323.39,89.94,233.45,0.66,1.21
2/3/2025 19:42:45,170,533,344.79,95.89,248.9,0.65,0.98
2/3/2025 20:31:53,162,143,254.19,70.69,183.49,1.78,1.55
2/3/2025 21:53:08,136,125,271.8,75.59,196.21,2.17,1.31
2/3/2025 22:42:54,123,123,307.04,85.39,221.64,2.50,0.98
2/3/2025 23:50:23,108,84,202.59,56.34,146.25,2.41,1.29
2/4/2025 0:03:44,53,88,111.79,29.52,82.27,1.27,1.27
2/4/2025 1:48:20,49,73,81.64,21.56,60.09,1.12,1.14
2/4/2025 2:13:09,35,52,79.13,20.89,58.24,1.52,1.19
2/4/2025 3:50:54,29,38,48.99,12.93,36.05,1.29,2.57
2/4/2025 4:02:26,24,31,47.73,12.6,35.13,1.54,1.78
2/4/2025 5:13:24,17,21,37.68,9.95,27.73,1.79,3.58
2/4/2025 6:37:09,46,67,77.87,20.56,57.31,1.16,4.88
2/4/2025 7:18:22,98,225,216.04,57.04,159,0.96,2.23
2/4/2025 8:48:21,91,267,209.76,55.38,154.37,0.79,1.04
2/4/2025 9:22:34,116,407,283.86,74.95,208.91,0.70,1.00
2/4/2025 10:04:40,117,478,271.3,71.63,199.67,0.57,1.06
2/4/2025 11:20:31,120,498,277.58,73.29,204.29,0.56,0.95
2/4/2025 12:31:30,99,299,157,41.45,115.55,0.53,2.00
2/4/2025 13:09:21,115,292,257.49,67.99,189.5,0.88,1.23
2/4/2025 14:30:52,118,318,282.61,74.62,207.99,0.89,1.22
2/4/2025 15:19:53,122,264,194.69,51.4,143.28,0.74,1.70
2/4/2025 16:28:44,173,464,393.14,103.8,289.34,0.85,1.22
2/4/2025 17:34:45,171,362,275.07,72.63,202.44,0.76,1.45
2/4/2025 18:31:53,159,496,354.2,93.52,260.68,0.71,0.99
2/4/2025 19:46:53,159,452,307.73,81.25,226.48,0.68,1.02
2/4/2025 20:37:16,157,135,252.46,66.66,185.8,1.87,1.29
2/4/2025 21:38:12,143,145,325.31,85.89,239.42,2.24,1.09
2/4/2025 22:11:52,129,110,247.44,65.33,182.11,2.25,1.24
2/4/2025 23:33:28,108,86,219.81,58.04,161.77,2.56,1.14
2/5/2025 0:09:20,80,147,147.95,39.46,108.5,1.01,1.37
2/5/2025 1:51:33,67,107,104.8,27.95,76.85,0.98,1.49
2/5/2025 2:54:11,42,64,91.24,24.33,66.91,1.43,1.06
2/5/2025 3:19:20,34,45,56.71,15.12,41.59,1.26,2.65
2/5/2025 4:08:42,23,28,36.99,9.86,27.12,1.32,4.81
2/5/2025 5:31:38,14,16,22.19,5.92,16.27,1.39,7.39
2/5/2025 6:53:35,39,58,83.84,22.36,61.48,1.45,4.96
2/5/2025 7:20:43,90,199,212.06,56.55,155.51,1.07,1.95
2/5/2025 8:40:17,98,248,167.68,44.72,122.96,0.68,1.23
2/5/2025 9:25:05,124,330,183.71,48.99,134.71,0.56,1.80
2/5/2025 10:32:55,117,389,198.5,52.94,145.56,0.51,1.39
2/5/2025 11:30:02,110,415,249.05,66.42,182.63,0.60,1.11
2/5/2025 12:22:02,109,365,202.2,53.92,148.28,0.55,1.54
2/5/2025 13:53:39,128,344,297.13,79.24,217.89,0.86,1.10
2/5/2025 14:39:39,131,368,318.09,84.83,233.26,0.86,1.08
2/5/2025 15:15:12,130,296,224.39,59.84,164.55,0.76,1.63
2/5/2025 16:50:23,170,340,263.85,70.36,193.48,0.78,1.82
2/5/2025 17:49:44,185,529,452.48,120.67,331.81,0.86,1.02
2/5/2025 18:32:14,174,497,326.72,87.13,239.59,0.66,1.37
2/5/2025 19:05:36,163,446,305.76,81.54,224.22,0.69,1.36
2/5/2025 20:23:44,182,216,432.76,115.41,317.35,2.00,1.10
2/5/2025 21:17:33,156,162,355.08,94.69,260.39,2.19,1.17
2/5/2025 22:27:06,141,122,265.08,70.69,194.39,2.17,1.30
2/5/2025 23:34:36,117,104,276.17,73.65,202.52,2.66,1.12
2/6/2025 0:32:03,96,170,139.03,39.14,99.88,0.82,1.49
2/6/2025 1:39:05,61,105,131.42,37,94.42,1.25,1.14
2/6/2025 2:34:41,47,68,81.46,22.93,58.53,1.20,1.39
2/6/2025 3:41:28,32,41,52.13,14.68,37.46,1.27,2.30
2/6/2025 4:09:30,31,40,52.13,14.68,37.46,1.30,3.34
2/6/2025 5:39:12,33,44,59.74,16.82,42.92,1.36,2.88
2/6/2025 6:39:08,56,89,105.35,29.66,75.69,1.18,3.67
2/6/2025 7:51:15,86,154,143.37,40.36,103.01,0.93,3.20
2/6/2025 8:49:30,93,237,172.7,48.62,124.07,0.73,1.28
2/6/2025 9:12:08,125,386,248.72,70.03,178.7,0.64,1.20
2/6/2025 10:06:27,107,359,208.54,58.71,149.83,0.58,1.15
2/6/2025 11:29:26,124,481,268.27,75.53,192.74,0.56,1.21
2/6/2025 12:52:25,117,345,161.83,45.56,116.27,0.47,1.61
2/6/2025 13:26:47,141,325,236.78,66.66,170.11,0.73,1.40
2/6/2025 14:28:23,129,308,250.9,70.64,180.26,0.81,1.12
2/6/2025 15:24:30,142,379,301.95,85.01,216.94,0.80,1.34
2/6/2025 16:31:48,176,434,377.97,106.42,271.56,0.87,1.50
2/6/2025 17:27:39,182,461,392.09,110.39,281.7,0.85,1.16
2/6/2025 18:28:56,170,478,328.01,92.35,235.66,0.69,1.22
2/6/2025 19:28:37,181,465,284.57,80.12,204.45,0.61,1.69
2/6/2025 20:41:05,189,197,369.29,103.97,265.32,1.87,1.70
2/6/2025 21:52:49,180,186,363.85,102.44,261.41,1.96,1.74
2/6/2025 22:35:51,202,232,425.76,119.87,305.89,1.84,1.31
2/6/2025 23:50:16,148,130,282.39,79.51,202.89,2.17,1.41
2/7/2025 0:03:46,128,386,325.17,88.6,236.58,0.84,1.14
2/7/2025 1:42:47,104,237,205.72,56.05,149.67,0.87,1.17
2/7/2025 2:46:47,72,139,149.98,40.86,109.11,1.08,1.41
2/7/2025 3:22:03,63,119,143.34,39.05,104.29,1.20,1.98
2/7/2025 4:44:56,54,94,118.12,32.18,85.94,1.26,2.79
2/7/2025 5:26:13,29,38,50.43,13.74,36.69,1.33,4.48
2/7/2025 6:49:05,33,49,78.31,21.34,56.97,1.60,3.93
2/7/2025 7:13:50,44,64,73,19.89,53.11,1.14,3.11
2/7/2025 8:23:02,33,60,65.03,17.72,47.32,1.08,1.97
2/7/2025 9:11:26,29,56,75.65,20.61,55.04,1.35,1.45
2/7/2025 10:48:15,28,62,71.67,19.53,52.14,1.16,2.11
2/7/2025 11:56:18,27,57,57.07,15.55,41.52,1.00,2.14
2/7/2025 12:15:11,16,31,37.16,10.13,27.04,1.20,2.18
2/7/2025 13:53:34,57,108,143.34,39.05,104.29,1.33,1.51
2/7/2025 14:08:36,73,147,163.25,44.48,118.77,1.11,2.04
2/7/2025 15:11:37,103,273,266.77,72.69,194.09,0.98,1.04
2/7/2025 16:16:48,124,283,298.63,81.36,217.26,1.06,1.29
2/7/2025 17:47:19,161,390,326.5,88.96,237.54,0.84,1.32
2/7/2025 18:54:02,149,428,302.61,82.45,220.16,0.71,1.16
2/7/2025 19:38:50,162,586,422.06,114.99,307.07,0.72,0.97
2/7/2025 20:33:41,182,228,426.04,116.08,309.96,1.87,1.17
2/7/2025 21:12:46,177,224,434.01,118.25,315.76,1.94,1.19
2/7/2025 22:55:49,162,161,306.59,83.53,223.06,1.90,1.33
2/7/2025 23:37:16,145,143,299.95,81.73,218.23,2.10,1.19
2/8/2025 0:46:12,150,467,358.24,87.35,270.89,0.77,1.07
2/8/2025 1:35:56,102,253,251.74,61.38,190.36,1.00,1.04
2/8/2025 2:42:23,84,170,172.9,42.16,130.74,1.02,1.16
2/8/2025 3:14:54,66,133,172.9,42.16,130.74,1.30,1.57
2/8/2025 4:55:26,50,85,120.34,29.34,91,1.42,3.37
2/8/2025 5:06:37,34,49,74.69,18.21,56.48,1.52,3.90
2/8/2025 6:11:09,36,53,78.84,19.22,59.62,1.49,3.46
2/8/2025 7:43:31,54,94,124.49,30.35,94.13,1.32,2.59
2/8/2025 8:27:13,59,127,113.42,27.65,85.77,0.89,1.58
2/8/2025 9:21:49,60,127,106.5,25.97,80.54,0.84,1.27
2/8/2025 10:02:36,49,120,95.44,23.27,72.17,0.80,1.34
2/8/2025 11:18:52,59,151,109.27,26.64,82.63,0.72,1.40
2/8/2025 12:10:17,56,161,142.47,34.74,107.73,0.88,0.84
2/8/2025 13:06:43,82,185,213.01,51.94,161.07,1.15,0.99
2/8/2025 14:41:02,95,234,247.59,60.37,187.22,1.06,1.03
2/8/2025 15:44:26,101,235,225.46,54.97,170.49,0.96,1.17
2/8/2025 16:45:05,143,298,271.1,66.1,205,0.91,1.34
2/8/2025 17:56:27,160,440,413.57,100.84,312.73,0.94,0.74
2/8/2025 18:08:17,135,376,302.91,73.86,229.06,0.81,0.88
2/8/2025 19:13:24,162,547,402.5,98.14,304.36,0.74,0.80
2/8/2025 20:46:34,143,142,320.89,78.24,242.65,2.26,1.02
2/8/2025 21:07:14,119,98,236.52,57.67,178.85,2.41,1.48
2/8/2025 22:23:50,123,120,311.21,75.88,235.33,2.59,0.96
2/8/2025 23:22:12,102,81,219.92,53.62,166.3,2.72,1.01
2/9/2025 0:21:40,71,126,134.08,33.86,100.22,1.06,1.49
2/9/2025 1:12:37,49,75,94.11,23.77,70.35,1.25,1.50
2/9/2025 2:24:32,36,51,72.2,18.23,53.97,1.42,1.29
2/9/2025 3:30:52,32,47,81.22,20.51,60.71,1.73,1.55
2/9/2025 4:33:44,26,34,56.73,14.32,42.4,1.67,2.87
2/9/2025 5:35:10,27,36,59.3,14.98,44.33,1.65,3.36
2/9/2025 6:30:45,45,71,100.56,25.39,75.17,1.42,4.26
2/9/2025 7:26:06,112,244,204.99,51.76,153.22,0.84,3.42
2/9/2025 8:07:13,102,293,210.14,53.06,157.08,0.72,1.10
2/9/2025 9:49:52,134,442,268.16,67.71,200.44,0.61,1.35
2/9/2025 10:52:04,112,463,287.5,72.6,214.9,0.62,0.98
2/9/2025 11:12:13,124,473,251.4,63.48,187.92,0.53,1.22
2/9/2025 12:41:06,106,407,255.27,64.46,190.81,0.63,1.21
2/9/2025 13:10:29,107,264,255.27,64.46,190.81,0.97,1.21
2/9/2025 14:02:11,103,208,177.91,44.93,132.99,0.86,1.59
2/9/2025 15:14:42,122,256,190.81,48.18,142.62,0.75,1.62
2/9/2025 16:19:15,159,408,384.19,97.01,287.18,0.94,1.13
2/9/2025 17:56:33,172,386,314.57,79.43,235.14,0.81,1.20
2/9/2025 18:24:53,171,555,390.64,98.64,291.99,0.70,0.82
2/9/2025 19:32:35,162,528,393.21,99.29,293.92,0.74,0.80
2/9/2025 20:15:51,143,137,311.99,78.78,233.21,2.28,1.00
2/9/2025 21:51:37,151,129,257.85,65.11,192.74,2.00,1.34
2/9/2025 22:12:28,104,80,215.3,54.37,160.93,2.69,1.24
2/9/2025 23:29:41,123,104,253.98,64.13,189.84,2.44,0.97
2/10/2025 0:19:46,67,112,114.88,29.04,85.85,1.03,1.53
2/10/2025 1:17:52,47,75,100.52,25.41,75.12,1.34,1.31
2/10/2025 2:46:35,39,53,61.36,15.51,45.85,1.16,1.40
2/10/2025 3:08:42,31,40,52.22,13.2,39.02,1.31,1.70
2/10/2025 4:51:18,17,20,31.33,7.92,23.41,1.57,2.49
2/10/2025 5:26:47,21,25,35.25,8.91,26.34,1.41,6.52
2/10/2025 6:33:15,46,68,80.94,20.46,60.48,1.19,4.55
2/10/2025 7:55:04,99,199,173.63,43.88,129.75,0.87,3.16
2/10/2025 8:38:52,100,280,197.13,49.82,147.31,0.70,1.38
2/10/2025 9:48:28,127,469,315.93,79.85,236.08,0.67,0.93
2/10/2025 10:03:14,131,481,231.07,58.4,172.67,0.48,1.46
2/10/2025 11:49:32,113,452,267.63,67.64,199.99,0.59,1.20
2/10/2025 12:18:04,119,499,289.82,73.25,216.57,0.58,1.04
2/10/2025 13:48:35,113,235,184.08,46.52,137.55,0.78,1.91
2/10/2025 14:07:42,113,255,215.41,54.44,160.97,0.84,1.63
2/10/2025 15:10:25,117,315,289.82,73.25,216.57,0.92,1.23
2/10/2025 16:51:31,142,292,268.93,67.97,200.96,0.92,1.43
2/10/2025 17:40:41,159,342,289.82,73.25,216.57,0.85,1.29
2/10/2025 18:29:36,179,586,389.04,98.33,290.71,0.66,0.89
2/10/2025 19:23:05,148,456,356.4,90.08,266.32,0.78,0.93
2/10/2025 20:23:48,167,174,349.88,88.43,261.45,2.01,1.18
2/10/2025 21:27:55,167,190,396.87,100.31,296.57,2.09,0.89
2/10/2025 22:42:46,142,124,265.02,66.98,198.04,2.14,1.05
2/10/2025 23:47:03,105,74,178.85,45.2,133.65,2.42,1.49
2/11/2025 0:39:22,76,157,187.83,49.18,138.65,1.20,0.97
2/11/2025 1:36:48,58,90,97.83,25.62,72.21,1.09,1.38
2/11/2025 2:37:09,37,55,84.79,22.2,62.58,1.54,1.04
2/11/2025 3:51:05,31,41,54.78,14.34,40.44,1.34,1.92
2/11/2025 4:14:19,17,21,40.44,10.59,29.85,1.93,3.07
2/11/2025 5:42:21,20,24,33.91,8.88,25.03,1.41,5.51
2/11/2025 6:03:30,50,86,126.53,33.13,93.4,1.47,3.06
2/11/2025 7:03:38,90,173,163.05,42.69,120.36,0.94,3.73
2/11/2025 8:12:35,111,298,187.83,49.18,138.65,0.63,1.68
2/11/2025 9:14:51,142,473,276.53,72.41,204.12,0.58,1.40
2/11/2025 10:28:02,133,568,306.53,80.26,226.27,0.54,1.02
2/11/2025 11:17:52,142,610,309.14,80.95,228.19,0.51,1.28
2/11/2025 12:48:05,110,403,237.4,62.16,175.24,0.59,1.16
2/11/2025 13:40:02,113,254,220.44,57.72,162.72,0.87,1.45
2/11/2025 14:53:50,124,262,196.96,51.57,145.39,0.75,1.71
2/11/2025 15:38:10,111,242,208.7,54.65,154.05,0.86,1.57
2/11/2025 16:32:06,148,289,254.36,66.6,187.75,0.88,1.95
2/11/2025 17:15:35,178,413,335.23,87.78,247.45,0.81,1.24
2/11/2025 18:48:52,169,574,422.62,110.66,311.96,0.74,0.84
2/11/2025 19:06:33,165,420,272.62,71.38,201.23,0.65,1.36
2/11/2025 20:04:24,166,152,294.79,77.19,217.6,1.94,1.33
2/11/2025 21:43:24,179,204,409.58,107.24,302.33,2.01,0.85
2/11/2025 22:15:45,137,138,341.75,89.48,252.26,2.48,0.97
2/11/2025 23:18:21,112,89,233.49,61.14,172.35,2.62,1.19
2/12/2025 0:12:42,80,156,170.98,43.2,127.78,1.10,1.06
2/12/2025 1:22:23,57,101,140.26,35.44,104.82,1.39,1.05
2/12/2025 2:03:46,41,64,102.85,25.99,76.87,1.61,0.83
2/12/2025 3:47:53,29,40,69.46,17.55,51.91,1.74,1.99
2/12/2025 4:28:29,21,26,40.07,10.12,29.95,1.54,4.39
2/12/2025 5:21:51,19,23,37.4,9.45,27.95,1.63,5.43
2/12/2025 6:04:53,44,63,76.14,19.24,56.9,1.21,4.16
2/12/2025 7:11:46,100,193,168.31,42.52,125.78,0.87,3.33
2/12/2025 8:50:22,111,317,216.39,54.67,161.72,0.68,1.29
2/12/2025 9:49:43,140,559,372.68,94.16,278.52,0.67,0.94
2/12/2025 10:51:13,127,455,233.76,59.06,174.7,0.51,1.37
2/12/2025 11:04:08,132,481,240.44,60.75,179.69,0.50,1.44
2/12/2025 12:42:09,106,395,249.79,63.11,186.68,0.63,1.06
2/12/2025 13:56:46,122,285,240.44,60.75,179.69,0.84,1.28
2/12/2025 14:12:13,123,299,257.8,65.14,192.67,0.86,1.25
2/12/2025 15:47:35,136,317,239.1,60.41,178.69,0.75,1.42
2/12/2025 16:36:22,159,326,281.85,71.21,210.63,0.86,1.71
2/12/2025 17:46:18,185,478,402.06,101.59,300.48,0.84,1.18
2/12/2025 18:11:45,166,418,273.83,69.19,204.64,0.66,1.40
2/12/2025 19:33:36,171,562,411.42,103.95,307.47,0.73,0.86
2/12/2025 20:14:28,157,148,316.58,79.99,236.59,2.14,1.20
2/12/2025 21:37:33,173,186,384.7,97.2,287.5,2.07,1.16
2/12/2025 22:05:25,117,97,253.79,64.12,189.67,2.62,1.16
2/12/2025 23:34:09,116,89,223.07,56.36,166.71,2.51,1.20
2/13/2025 0:15:46,92,168,144.58,39.28,105.31,0.86,1.49
2/13/2025 1:23:52,67,112,116.16,31.56,84.6,1.04,1.18
2/13/2025 2:38:02,41,64,96.39,26.19,70.2,1.51,1.05
2/13/2025 3:23:35,34,46,59.32,16.11,43.2,1.29,2.46
2/13/2025 4:30:18,24,31,48.19,13.09,35.1,1.55,3.13
2/13/2025 5:47:04,22,28,44.49,12.09,32.4,1.59,4.45
2/13/2025 6:47:55,42,59,70.44,19.14,51.3,1.19,4.39
2/13/2025 7:48:56,93,209,217.49,59.09,158.41,1.04,2.19
2/13/2025 8:45:25,114,359,248.39,67.48,180.91,0.69,1.00
2/13/2025 9:52:32,138,465,279.28,75.87,203.41,0.60,1.20
2/13/2025 10:55:27,134,475,221.2,60.09,161.11,0.47,1.46
2/13/2025 11:49:14,142,554,261.98,71.17,190.81,0.47,1.33
2/13/2025 12:23:32,114,434,250.86,68.15,182.71,0.58,1.11
2/13/2025 13:05:35,131,314,244.68,66.47,178.21,0.78,1.39
2/13/2025 14:12:42,133,352,287.93,78.22,209.71,0.82,1.19
2/13/2025 15:06:46,129,318,255.8,69.49,186.31,0.80,1.52
2/13/2025 16:24:24,149,283,240.97,65.46,175.51,0.85,1.90
2/13/2025 17:24:36,157,360,326.24,88.63,237.61,0.91,1.38
2/13/2025 18:37:49,144,364,266.92,72.51,194.41,0.73,1.33
2/13/2025 19:36:04,161,451,315.12,85.61,229.51,0.70,1.32
2/13/2025 20:11:45,154,142,295.35,80.23,215.11,2.08,1.91
2/13/2025 21:34:54,138,138,334.89,90.98,243.91,2.43,1.62
2/13/2025 22:41:50,147,132,281.75,76.54,205.21,2.13,1.62
2/13/2025 23:45:17,141,141,336.12,91.31,244.81,2.38,1.15
2/14/2025 0:43:03,120,347,322.77,76.43,246.34,0.93,0.98
2/14/2025 1:41:21,100,228,217.19,51.43,165.76,0.95,1.13
2/14/2025 2:48:24,73,158,197.58,46.79,150.8,1.25,1.03
2/14/2025 3:03:05,65,112,122.17,28.93,93.24,1.09,2.11
2/14/2025 4:51:36,43,75,128.2,30.36,97.85,1.71,2.04
2/14/2025 5:13:27,22,28,48.26,11.43,36.84,1.72,2.90
2/14/2025 6:43:43,36,53,81.45,19.29,62.16,1.54,3.68
2/14/2025 7:39:50,41,60,79.94,18.93,61.01,1.33,3.59
2/14/2025 8:39:40,40,86,111.61,26.43,85.18,1.30,1.21
2/14/2025 9:17:48,28,53,78.43,18.57,59.86,1.48,1.47
2/14/2025 10:35:55,30,69,81.45,19.29,62.16,1.18,1.66
2/14/2025 11:22:52,20,40,49.77,11.79,37.99,1.24,2.79
2/14/2025 12:05:18,16,30,36.2,8.57,27.63,1.21,2.46
2/14/2025 13:46:35,56,94,116.14,27.5,88.64,1.24,1.97
2/14/2025 14:43:22,73,150,179.48,42.5,136.98,1.20,1.69
2/14/2025 15:49:22,75,143,155.35,36.79,118.57,1.09,1.61
2/14/2025 16:33:06,125,268,286.57,67.86,218.71,1.07,1.16
2/14/2025 17:53:42,156,406,383.1,90.71,292.39,0.94,0.92
2/14/2025 18:16:04,164,563,414.77,98.21,316.56,0.74,0.83
2/14/2025 19:44:32,166,523,366.51,86.79,279.72,0.70,1.05
2/14/2025 20:12:13,172,192,383.1,90.71,292.39,2.00,1.18
2/14/2025 21:02:29,179,224,450.97,106.79,344.19,2.01,1.26
2/14/2025 22:22:37,168,223,488.68,115.71,372.97,2.19,0.87
2/14/2025 23:26:20,166,167,328.8,77.86,250.95,1.97,1.10
2/15/2025 0:11:46,131,318,259.03,61.82,197.21,0.81,1.16
2/15/2025 1:49:37,91,213,243.43,58.09,185.33,1.14,0.94
2/15/2025 2:09:29,86,206,252.79,60.33,192.46,1.23,0.76
2/15/2025 3:33:12,69,125,148.24,35.38,112.86,1.19,1.57
2/15/2025 4:38:42,48,81,124.83,29.79,95.04,1.54,1.77
2/15/2025 5:27:50,35,53,93.63,22.34,71.28,1.77,2.69
2/15/2025 6:42:05,40,59,85.82,20.48,65.34,1.45,2.97
2/15/2025 7:39:48,61,103,124.83,29.79,95.04,1.21,2.11
2/15/2025 8:46:22,54,129,152.92,36.5,116.43,1.19,0.82
2/15/2025 9:56:42,61,153,170.09,40.59,129.49,1.11,0.89
2/15/2025 10:46:18,63,164,121.71,29.05,92.67,0.74,1.17
2/15/2025 11:11:05,64,205,191.93,45.8,146.13,0.94,0.77
2/15/2025 12:44:08,65,196,170.09,40.59,129.49,0.87,0.93
2/15/2025 13:56:36,83,183,218.46,52.14,166.32,1.19,1.03
2/15/2025 14:23:40,101,218,210.66,50.27,160.38,0.97,1.15
2/15/2025 15:53:18,106,264,269.95,64.42,205.53,1.02,1.10
2/15/2025 16:27:18,132,318,365.14,87.14,278,1.15,0.96
2/15/2025 17:03:18,154,409,421.31,100.55,320.77,1.03,0.89
2/15/2025 18:19:28,127,306,255.91,61.07,194.84,0.84,1.16
2/15/2025 19:47:37,155,461,358.9,85.65,273.25,0.78,0.99
2/15/2025 20:16:29,139,129,308.96,73.73,235.23,2.40,1.06
2/15/2025 21:23:28,128,138,390.11,93.1,297.01,2.83,0.81
2/15/2025 22:08:20,119,96,241.87,57.72,184.14,2.52,1.26
2/15/2025 23:27:51,126,107,266.83,63.68,203.15,2.49,0.95
2/16/2025 0:16:51,62,106,130.59,29.91,100.68,1.23,1.16
2/16/2025 1:25:40,45,76,126.29,28.92,97.36,1.66,0.80
2/16/2025 2:33:42,40,57,80.36,18.41,61.96,1.41,0.98
2/16/2025 3:30:18,20,25,43.05,9.86,33.19,1.72,1.88
2/16/2025 4:44:49,18,23,50.23,11.5,38.72,2.18,2.47
2/16/2025 5:32:12,18,22,37.31,8.55,28.77,1.70,3.97
2/16/2025 6:34:07,47,69,84.67,19.39,65.28,1.23,5.73
2/16/2025 7:08:51,90,213,251.14,57.52,193.62,1.18,2.11
2/16/2025 8:37:27,115,372,274.1,62.78,211.32,0.74,1.01
2/16/2025 9:05:18,102,260,176.51,40.43,136.08,0.68,1.89
2/16/2025 10:46:31,124,481,272.66,62.45,210.21,0.57,1.14
2/16/2025 11:52:09,125,469,258.31,59.16,199.15,0.55,1.09
2/16/2025 12:18:14,102,411,289.88,66.39,223.49,0.71,0.77
2/16/2025 13:06:41,117,280,255.44,58.5,196.94,0.91,1.13
2/16/2025 14:28:34,131,333,284.14,65.08,219.06,0.85,1.10
2/16/2025 15:51:30,128,309,259.75,59.49,200.25,0.84,1.16
2/16/2025 16:19:46,141,329,351.59,80.53,271.06,1.07,1.05
2/16/2025 17:34:14,171,495,482.18,110.44,371.74,0.97,0.71
2/16/2025 18:21:02,154,486,396.08,90.71,305.36,0.81,0.75
2/16/2025 19:28:51,160,403,279.84,64.09,215.74,0.69,1.04
2/16/2025 20:26:45,145,124,274.1,62.78,211.32,2.21,0.99
2/16/2025 21:11:16,143,134,320.02,73.3,246.72,2.39,0.99
2/16/2025 22:50:38,136,126,312.84,71.65,241.19,2.48,0.86
2/16/2025 23:35:25,97,74,225.3,51.6,173.7,3.04,0.75
2/17/2025 0:53:52,59,110,163.35,34.79,128.57,1.49,0.70
2/17/2025 1:36:08,44,65,89.38,19.03,70.35,1.38,1.07
2/17/2025 2:50:30,24,31,57.02,12.14,44.88,1.84,1.00
2/17/2025 3:19:11,33,46,73.97,15.75,58.22,1.61,1.70
2/17/2025 4:45:32,22,30,66.27,14.11,52.15,2.21,2.40
2/17/2025 5:20:48,16,20,49.31,10.5,38.81,2.47,3.31
2/17/2025 6:14:29,52,82,110.96,23.63,87.33,1.35,4.02
2/17/2025 7:24:03,93,179,177.22,37.74,139.48,0.99,3.02
2/17/2025 8:31:28,101,267,195.72,41.68,154.04,0.73,1.22
2/17/2025 9:27:46,116,393,305.13,64.98,240.15,0.78,1.22
2/17/2025 10:27:02,110,439,298.97,63.66,235.3,0.68,0.90
2/17/2025 11:25:39,113,413,255.82,54.47,201.34,0.62,0.98
2/17/2025 12:38:27,108,462,331.33,70.55,260.77,0.72,0.69
2/17/2025 13:05:29,107,221,203.42,43.32,160.1,0.92,1.14
2/17/2025 14:37:09,119,265,234.24,49.88,184.36,0.88,1.20
2/17/2025 15:36:05,118,299,292.8,62.35,230.45,0.98,0.99
2/17/2025 16:49:14,155,394,414.55,88.28,326.27,1.05,0.80
2/17/2025 17:47:22,152,332,329.79,70.23,259.56,0.99,0.89
2/17/2025 18:09:11,163,432,314.38,66.95,247.43,0.73,1.05
2/17/2025 19:03:23,158,533,453.07,96.48,356.59,0.85,0.64
2/17/2025 20:27:21,161,150,325.16,69.24,255.92,2.17,0.96
2/17/2025 21:49:22,148,157,397.59,84.67,312.93,2.53,0.86
2/17/2025 22:17:36,122,116,332.87,70.88,261.99,2.87,0.75
2/17/2025 23:16:20,91,72,249.65,53.16,196.49,3.47,0.70
2/18/2025 0:19:28,68,127,173.1,36.65,136.45,1.36,0.84
2/18/2025 1:27:45,46,70,102.41,21.68,80.73,1.46,0.91
2/18/2025 2:24:32,43,66,105.3,22.29,83.01,1.60,0.87
2/18/2025 3:26:54,27,37,73.57,15.57,57.99,1.99,1.59
2/18/2025 4:25:34,22,28,51.93,10.99,40.93,1.85,1.69
2/18/2025 5:38:03,17,21,44.72,9.47,35.25,2.13,2.26
2/18/2025 6:50:45,58,105,161.56,34.2,127.35,1.54,2.35
2/18/2025 7:29:56,106,246,262.53,55.58,206.95,1.07,1.77
2/18/2025 8:47:13,109,365,313.01,66.27,246.74,0.86,0.76
2/18/2025 9:56:10,130,451,331.77,70.24,261.53,0.74,1.02
2/18/2025 10:38:11,133,497,275.51,58.33,217.18,0.55,0.94
2/18/2025 11:11:55,119,381,209.16,44.28,164.88,0.55,1.12
2/18/2025 12:35:23,117,463,305.8,64.74,241.06,0.66,0.86
2/18/2025 13:08:22,117,260,242.33,51.31,191.03,0.93,1.34
2/18/2025 14:45:11,127,334,323.11,68.41,254.7,0.97,0.87
2/18/2025 15:45:03,131,338,314.46,66.58,247.88,0.93,0.98
2/18/2025 16:12:49,154,328,330.32,69.93,260.39,1.01,1.00
2/18/2025 17:21:56,171,390,366.39,77.57,288.82,0.94,0.88
2/18/2025 18:09:24,147,340,261.09,55.28,205.81,0.77,1.10
2/18/2025 19:45:11,162,541,464.47,98.34,366.14,0.86,0.67
2/18/2025 20:54:22,170,146,298.59,63.22,235.37,2.05,1.14
2/18/2025 21:14:08,157,154,369.27,78.18,291.09,2.40,0.84
2/18/2025 22:51:46,135,116,298.59,63.22,235.37,2.57,0.81
2/18/2025 23:03:31,104,85,276.95,58.63,218.32,3.26,0.73
2/19/2025 0:06:25,70,127,162.83,37.51,125.32,1.28,0.98
2/19/2025 1:56:44,45,63,82.13,18.92,63.21,1.30,1.28
2/19/2025 2:44:18,38,51,67.72,15.6,52.12,1.33,1.43
2/19/2025 3:50:56,29,40,74.93,17.26,57.67,1.87,1.59
2/19/2025 4:34:47,28,36,59.08,13.61,45.47,1.64,1.96
2/19/2025 5:36:38,25,32,54.76,12.61,42.14,1.71,2.68
2/19/2025 6:10:45,47,77,126.8,29.21,97.59,1.65,2.97
2/19/2025 7:54:43,107,268,302.6,69.71,232.89,1.13,1.59
2/19/2025 8:34:14,99,270,220.47,50.79,169.68,0.82,1.09
2/19/2025 9:43:15,127,347,220.47,50.79,169.68,0.64,1.38
2/19/2025 10:32:52,127,424,229.11,52.78,176.33,0.54,1.16
2/19/2025 11:41:20,113,416,273.78,63.07,210.71,0.66,0.89
2/19/2025 12:08:51,120,486,321.33,74.03,247.31,0.66,0.81
2/19/2025 13:50:14,114,242,224.79,51.79,173,0.93,1.14
2/19/2025 14:50:32,131,308,270.9,62.41,208.49,0.88,1.08
2/19/2025 15:08:07,132,324,292.51,67.39,225.13,0.90,1.02
2/19/2025 16:40:45,154,359,384.73,88.63,296.1,1.07,0.87
2/19/2025 17:23:11,165,328,298.28,68.72,229.56,0.91,1.07
2/19/2025 18:25:46,165,449,345.83,79.67,266.16,0.77,1.00
2/19/2025 19:54:34,174,559,443.81,102.24,341.57,0.79,0.73
2/19/2025 20:17:37,180,203,459.66,105.89,353.77,2.26,0.73
2/19/2025 21:24:04,169,190,456.78,105.23,351.55,2.40,0.76
2/19/2025 22:46:34,134,130,366,84.32,281.69,2.82,0.82
2/19/2025 23:26:41,123,101,279.55,64.4,215.15,2.77,0.98
2/20/2025 0:30:21,74,130,144.04,36.45,107.58,1.11,1.01
2/20/2025 1:31:52,69,111,117.11,29.64,87.47,1.06,1.10
2/20/2025 2:53:17,42,57,70,17.72,52.28,1.23,1.13
2/20/2025 3:51:13,30,39,59.23,14.99,44.24,1.52,1.92
2/20/2025 4:09:20,30,38,52.5,13.29,39.21,1.38,3.54
2/20/2025 5:42:31,17,21,40.38,10.22,30.16,1.92,3.29
2/20/2025 6:54:13,52,89,135.96,34.41,101.55,1.53,2.63
2/20/2025 7:27:49,83,177,215.38,54.51,160.87,1.22,1.51
2/20/2025 8:18:09,114,298,192.5,48.72,143.78,0.65,1.40
2/20/2025 9:18:38,118,391,294.8,74.61,220.19,0.75,0.98
2/20/2025 10:11:35,116,404,234.23,59.28,174.95,0.58,1.10
2/20/2025 11:23:36,123,415,220.77,55.87,164.89,0.53,1.26
2/20/2025 12:27:43,114,380,215.38,54.51,160.87,0.57,1.20
2/20/2025 13:31:40,122,290,262.5,66.43,196.06,0.91,1.20
2/20/2025 14:32:05,129,285,230.19,58.26,171.93,0.81,1.54
2/20/2025 15:42:35,128,318,282.69,71.55,211.14,0.89,1.16
2/20/2025 16:15:03,138,287,305.57,77.34,228.23,1.06,1.25
2/20/2025 17:03:09,165,341,301.53,76.31,225.22,0.88,1.30
2/20/2025 18:45:49,169,548,426.72,108,318.72,0.78,0.83
2/20/2025 19:48:56,199,621,403.84,102.21,301.63,0.65,1.14
2/20/2025 20:16:12,175,189,407.88,103.23,304.65,2.16,1.08
2/20/2025 21:37:55,193,241,502.11,127.08,375.03,2.08,0.87
2/20/2025 22:07:27,172,169,354.03,89.6,264.43,2.09,1.15
2/20/2025 23:54:08,143,112,245,62.01,182.99,2.19,1.23
2/21/2025 0:12:39,118,269,226.42,53.37,173.05,0.84,1.34
2/21/2025 1:18:12,114,282,260.3,61.35,198.95,0.92,0.92
2/21/2025 2:50:30,85,202,243.36,57.36,186,1.20,0.81
2/21/2025 3:21:49,68,117,127.84,30.13,97.71,1.09,2.03
2/21/2025 4:30:24,42,61,78.55,18.51,60.04,1.29,2.88
2/21/2025 5:04:47,29,39,61.61,14.52,47.09,1.58,2.65
2/21/2025 6:48:29,34,50,83.17,19.6,63.57,1.66,3.10
2/21/2025 7:08:39,44,69,100.12,23.6,76.52,1.45,2.21
2/21/2025 8:37:50,38,73,81.63,19.24,62.39,1.12,1.15
2/21/2025 9:34:56,35,65,73.93,17.43,56.51,1.14,1.31
2/21/2025 10:26:08,31,73,92.42,21.78,70.63,1.27,1.10
2/21/2025 11:52:34,18,36,50.83,11.98,38.85,1.41,2.52
2/21/2025 12:18:40,16,30,38.51,9.08,29.43,1.28,2.36
2/21/2025 13:49:16,51,95,152.49,35.94,116.55,1.61,1.51
2/21/2025 14:23:43,75,161,203.32,47.92,155.39,1.26,1.44
2/21/2025 15:32:06,90,205,224.88,53,171.88,1.10,1.25
2/21/2025 16:54:56,130,281,300.35,70.79,229.56,1.07,1.09
2/21/2025 17:35:40,149,337,321.92,75.87,246.04,0.96,1.21
2/21/2025 18:36:24,149,444,349.64,82.41,267.23,0.79,0.93
2/21/2025 19:54:10,185,681,472.86,111.45,361.41,0.69,0.93
2/21/2025 20:41:28,177,208,426.65,100.56,326.09,2.05,0.99
2/21/2025 21:15:03,172,207,442.06,104.19,337.86,2.14,1.10
2/21/2025 22:51:32,174,228,495.97,116.9,379.07,2.18,0.92
2/21/2025 23:03:39,148,162,386.61,91.12,295.48,2.39,0.96
2/22/2025 0:08:23,117,292,262.91,68.58,194.33,0.90,1.19
2/22/2025 1:50:30,91,194,198.92,51.89,147.04,1.03,1.15
2/22/2025 2:38:35,89,172,164.15,42.82,121.33,0.95,1.32
2/22/2025 3:27:32,65,108,115.46,30.12,85.34,1.07,2.17
2/22/2025 4:21:55,50,76,90.42,23.59,66.83,1.19,2.92
2/22/2025 5:17:45,36,55,90.42,23.59,66.83,1.64,2.50
2/22/2025 6:26:45,46,79,126.59,33.02,93.57,1.60,1.78
2/22/2025 7:30:42,55,92,118.24,30.84,87.4,1.29,2.03
2/22/2025 8:43:54,53,116,118.24,30.84,87.4,1.02,1.19
2/22/2025 9:35:17,64,144,129.37,33.74,95.62,0.90,1.04
2/22/2025 10:33:46,60,161,125.2,32.66,92.54,0.78,0.96
2/22/2025 11:41:23,63,194,171.1,44.63,126.47,0.88,0.78
2/22/2025 12:47:03,58,161,136.32,35.56,100.77,0.85,1.02
2/22/2025 13:10:17,77,135,133.54,34.83,98.71,0.99,1.50
2/22/2025 14:39:19,97,229,239.26,62.41,176.85,1.04,1.01
2/22/2025 15:02:29,97,191,169.71,44.27,125.44,0.89,1.48
2/22/2025 16:17:36,143,350,363.07,94.7,268.37,1.04,1.02
2/22/2025 17:10:18,165,430,397.85,103.77,294.07,0.93,1.06
2/22/2025 18:11:34,165,502,358.9,93.61,265.28,0.71,1.15
2/22/2025 19:14:33,178,661,477.14,124.46,352.68,0.72,1.02
2/22/2025 20:49:32,165,175,367.24,95.79,271.45,2.10,1.77
2/22/2025 21:31:44,147,141,318.55,83.09,235.46,2.26,2.45
2/22/2025 22:24:53,129,127,326.9,85.27,241.63,2.57,1.89
2/22/2025 23:49:48,152,134,276.82,72.21,204.62,2.07,1.86
2/23/2025 0:42:09,121,297,271.66,68.19,203.48,0.91,1.39
2/23/2025 1:24:05,105,270,292.22,73.35,218.87,1.08,0.90
2/23/2025 2:11:33,87,186,211.45,53.07,158.38,1.14,1.22
2/23/2025 3:46:49,61,114,161.53,40.54,120.99,1.42,1.39
2/23/2025 4:03:30,46,75,118.94,29.85,89.09,1.59,1.81
2/23/2025 5:03:12,36,50,74.89,18.8,56.09,1.50,2.91
2/23/2025 6:41:21,49,79,114.54,28.75,85.79,1.45,1.80
2/23/2025 7:12:40,53,83,105.73,26.54,79.19,1.27,2.67
2/23/2025 8:16:09,69,187,201.18,50.49,150.68,1.08,1.02
2/23/2025 9:10:38,79,220,212.92,53.44,159.48,0.97,0.83
2/23/2025 10:34:20,64,196,180.62,45.33,135.28,0.92,0.77
2/23/2025 11:54:43,79,274,229.08,57.5,171.58,0.84,0.80
2/23/2025 12:42:56,62,169,138.03,34.65,103.39,0.82,1.25
2/23/2025 13:31:27,74,156,205.58,51.6,153.98,1.32,1.01
2/23/2025 14:17:49,98,224,239.36,60.08,179.28,1.07,1.16
2/23/2025 15:56:52,110,258,251.1,63.03,188.08,0.97,1.03
2/23/2025 16:09:39,134,260,265.79,66.71,199.08,1.02,1.32
2/23/2025 17:47:19,148,302,289.28,72.61,216.67,0.96,1.28
2/23/2025 18:47:41,151,372,273.13,68.55,204.58,0.73,1.05
2/23/2025 19:45:10,171,454,308.37,77.4,230.97,0.68,1.22
2/23/2025 20:02:05,162,153,324.52,81.45,243.07,2.12,1.02
2/23/2025 21:39:53,165,166,359.77,90.3,269.47,2.17,1.08
2/23/2025 22:54:41,144,154,395.01,99.15,295.86,2.57,0.81
2/23/2025 23:08:09,141,143,364.17,91.41,272.77,2.55,0.82
2/24/2025 0:44:32,103,241,248.18,67.03,181.15,1.03,0.89
2/24/2025 1:33:21,74,134,149.66,40.42,109.24,1.12,1.16
2/24/2025 2:49:16,57,94,120.97,32.67,88.3,1.29,1.07
2/24/2025 3:06:43,53,76,79.82,21.56,58.26,1.05,2.39
2/24/2025 4:19:41,30,39,56.12,15.16,40.96,1.44,2.99
2/24/2025 5:11:33,27,35,57.37,15.5,41.87,1.64,4.13
2/24/2025 6:41:39,50,75,92.29,24.93,67.36,1.23,3.38
2/24/2025 7:10:30,70,119,129.7,35.03,94.67,1.09,2.68
2/24/2025 8:38:06,79,177,134.69,36.38,98.31,0.76,1.86
2/24/2025 9:21:42,113,361,270.63,73.1,197.54,0.75,1.04
2/24/2025 10:22:36,115,447,276.87,74.78,202.09,0.62,0.88
2/24/2025 11:36:54,100,337,215.76,58.27,157.48,0.64,1.05
2/24/2025 12:19:30,94,322,223.24,60.3,162.95,0.69,1.09
2/24/2025 13:26:14,121,282,246.94,66.7,180.24,0.88,1.26
2/24/2025 14:44:08,100,220,221.99,59.96,162.03,1.01,1.36
2/24/2025 15:47:54,115,263,238.21,64.34,173.87,0.91,1.66
2/24/2025 16:43:54,149,314,303.06,81.85,221.2,0.97,1.51
2/24/2025 17:41:23,175,389,329.25,88.93,240.32,0.85,1.26
2/24/2025 18:48:30,162,485,369.16,99.71,269.45,0.76,0.99
2/24/2025 19:54:21,197,707,480.16,129.69,350.47,0.68,0.88
2/24/2025 20:48:13,172,156,304.31,82.19,222.12,1.95,1.36
2/24/2025 21:20:29,197,195,347.96,93.98,253.98,1.78,1.31
2/24/2025 22:03:31,148,139,323.01,87.24,235.77,2.32,1.11
2/24/2025 23:11:30,141,138,341.72,92.3,249.42,2.48,0.89
2/25/2025 0:55:43,103,197,159.08,42.92,116.16,0.81,1.38
2/25/2025 1:22:21,67,108,106.48,28.73,77.75,0.99,1.37
2/25/2025 2:20:32,59,102,127,34.26,92.74,1.25,0.98
2/25/2025 3:33:52,42,64,92.37,24.92,67.45,1.44,1.59
2/25/2025 4:40:55,28,38,62.86,16.96,45.9,1.65,2.55
2/25/2025 5:08:44,35,53,87.23,23.53,63.7,1.65,2.54
2/25/2025 6:30:52,44,64,78.25,21.11,57.14,1.22,2.67
2/25/2025 7:37:48,77,164,196.28,52.95,143.33,1.20,1.83
2/25/2025 8:42:15,69,166,148.81,40.15,108.67,0.90,1.54
2/25/2025 9:37:02,101,274,189.86,51.22,138.64,0.69,1.48
2/25/2025 10:40:20,96,352,236.05,63.68,172.37,0.67,0.96
2/25/2025 11:46:20,94,295,175.75,47.41,128.34,0.60,1.26
2/25/2025 12:55:48,79,257,188.58,50.88,137.71,0.73,1.07
2/25/2025 13:49:32,116,244,192.43,51.91,140.52,0.79,1.53
2/25/2025 14:12:24,106,247,230.92,62.3,168.62,0.93,1.41
2/25/2025 15:40:22,106,233,209.11,56.41,152.69,0.90,1.74
2/25/2025 16:22:41,142,319,314.3,84.79,229.51,0.99,1.35
2/25/2025 17:29:24,179,501,434.89,117.33,317.57,0.87,1.04
2/25/2025 18:52:33,143,423,341.24,92.06,249.18,0.81,1.22
2/25/2025 19:20:54,187,613,396.4,106.94,289.46,0.65,1.33
2/25/2025 20:05:50,176,200,400.25,107.98,292.27,2.00,1.03
2/25/2025 21:49:16,149,141,305.32,82.37,222.95,2.17,1.42
2/25/2025 22:43:32,151,144,307.89,83.06,224.83,2.14,1.38
2/25/2025 23:41:21,151,123,238.61,64.37,174.24,1.94,1.53
2/26/2025 0:48:51,106,249,215.93,63.69,152.24,0.87,1.20
2/26/2025 1:31:50,89,209,214.71,63.33,151.38,1.03,0.91
2/26/2025 2:50:38,54,88,100.04,29.5,70.53,1.14,1.36
2/26/2025 3:14:54,39,60,85.4,25.19,60.21,1.42,1.81
2/26/2025 4:41:28,36,50,61,17.99,43.01,1.22,3.07
2/26/2025 5:24:18,27,34,41.48,12.23,29.24,1.22,4.87
2/26/2025 6:05:25,44,63,68.32,20.15,48.17,1.08,5.47
2/26/2025 7:17:34,76,135,123.21,36.34,86.87,0.91,3.97
2/26/2025 8:21:17,81,212,162.25,47.86,114.4,0.77,1.94
2/26/2025 9:08:39,100,298,206.17,60.81,145.36,0.69,1.49
2/26/2025 10:39:35,92,303,176.89,52.17,124.72,0.58,1.44
2/26/2025 11:06:26,87,256,140.29,41.38,98.92,0.55,1.72
2/26/2025 12:30:10,88,267,150.05,44.26,105.8,0.56,1.63
2/26/2025 13:37:39,82,168,167.13,49.29,117.84,0.99,2.35
2/26/2025 14:21:40,94,215,206.17,60.81,145.36,0.96,1.79
2/26/2025 15:39:02,113,305,270.83,79.88,190.95,0.89,1.47
2/26/2025 16:37:43,136,288,262.29,77.36,184.93,0.91,1.86
2/26/2025 17:44:17,148,382,356.23,105.07,251.16,0.93,1.50
2/26/2025 18:53:06,146,422,301.33,88.87,212.45,0.71,1.46
2/26/2025 19:50:15,165,463,287.91,84.92,202.99,0.62,1.89
2/26/2025 20:06:03,183,187,314.75,92.83,221.91,1.68,1.80
2/26/2025 21:40:06,161,156,292.79,86.36,206.43,1.88,2.40
2/26/2025 22:52:33,157,155,298.89,88.15,210.73,1.93,1.85
2/26/2025 23:02:38,143,136,281.81,83.12,198.69,2.07,1.64
2/27/2025 0:52:16,99,238,208.55,70.84,137.71,0.88,1.50
2/27/2025 1:24:28,80,162,152,51.63,100.36,0.94,1.61
2/27/2025 2:55:28,59,93,86.01,29.22,56.8,0.92,2.36
2/27/2025 3:29:28,43,67,82.48,28.02,54.46,1.23,3.26
2/27/2025 4:04:46,41,67,93.08,31.62,61.46,1.39,3.18
2/27/2025 5:27:33,28,38,51.84,17.61,34.23,1.36,4.36
2/27/2025 6:33:23,50,75,75.41,25.62,49.79,1.01,4.80
2/27/2025 7:04:23,73,139,134.32,45.63,88.69,0.97,4.57
2/27/2025 8:27:47,79,202,142.57,48.43,94.14,0.71,3.58
2/27/2025 9:13:48,86,239,169.67,57.64,112.03,0.71,3.03
2/27/2025 10:21:39,89,260,130.79,44.43,86.36,0.50,3.51
2/27/2025 11:28:39,90,319,188.52,64.04,124.48,0.59,2.20
2/27/2025 12:18:15,90,329,199.13,67.64,131.48,0.61,1.85
2/27/2025 13:40:48,89,166,128.43,43.63,84.8,0.77,4.62
2/27/2025 14:31:06,99,236,205.02,69.64,135.37,0.87,3.56
2/27/2025 15:32:05,112,270,209.73,71.25,138.49,0.78,3.85
2/27/2025 16:05:39,117,255,256.86,87.26,169.61,1.01,4.15
2/27/2025 17:35:23,135,313,281.61,95.66,185.95,0.90,4.09
2/27/2025 18:03:15,148,363,215.62,73.25,142.38,0.59,4.42
2/27/2025 19:40:28,156,457,286.32,97.26,189.06,0.63,3.82
2/27/2025 20:48:12,152,174,347.59,118.07,229.51,2.00,3.00
2/27/2025 21:21:10,182,200,327.56,111.27,216.29,1.64,4.00
2/27/2025 22:02:37,140,129,249.79,84.85,164.94,1.94,3.79
2/27/2025 23:26:28,144,127,234.48,79.65,154.83,1.85,3.17
2/28/2025 0:48:29,129,347,233.56,67.22,166.34,0.67,2.53
2/28/2025 1:07:44,90,209,183.83,52.91,130.92,0.88,2.28
2/28/2025 2:29:11,85,185,162.74,46.84,115.9,0.88,1.80
2/28/2025 3:20:55,59,123,150.68,43.37,107.31,1.23,1.87
2/28/2025 4:22:50,42,80,125.07,35.99,89.07,1.56,2.68
2/28/2025 5:24:44,29,41,57.26,16.48,40.78,1.40,5.57
2/28/2025 6:09:12,29,44,72.33,20.82,51.51,1.64,6.71
2/28/2025 7:47:33,39,59,70.82,20.38,50.44,1.20,6.42
2/28/2025 8:34:17,41,82,75.34,21.68,53.66,0.92,2.36
2/28/2025 9:52:02,29,57,72.33,20.82,51.51,1.27,2.61
2/28/2025 10:39:04,31,69,58.77,16.91,41.85,0.85,3.16
2/28/2025 11:46:25,22,46,43.7,12.58,31.12,0.95,4.69
2/28/2025 12:14:51,15,31,43.7,12.58,31.12,1.41,2.47
2/28/2025 13:37:18,40,66,88.9,25.59,63.32,1.35,3.45
2/28/2025 14:53:34,56,97,102.46,29.49,72.97,1.06,3.50
2/28/2025 15:53:14,61,126,147.67,42.5,105.17,1.17,2.79
2/28/2025 16:09:56,98,198,210.95,60.71,150.24,1.07,2.49
2/28/2025 17:16:25,131,306,266.71,76.76,189.95,0.87,2.42
2/28/2025 18:26:45,100,313,295.34,85,210.34,0.94,1.66
2/28/2025 19:24:43,129,390,280.27,80.66,199.61,0.72,2.78
2/28/2025 20:23:34,127,158,363.14,104.51,258.63,2.30,1.60
2/28/2025 21:35:23,124,154,361.64,104.08,257.56,2.35,1.76
2/28/2025 22:53:32,119,128,295.34,85,210.34,2.31,2.31
2/28/2025 23:41:06,135,177,391.77,112.75,279.02,2.21,1.53
3/1/2025 0:32:02,91,246,210.75,57.05,153.7,0.86,2.82
3/1/2025 1:45:10,84,206,179.53,48.6,130.93,0.87,1.88
3/1/2025 2:43:19,48,87,99.91,27.05,72.87,1.15,3.09
3/1/2025 3:54:10,38,73,115.52,31.27,84.25,1.58,3.29
3/1/2025 4:55:17,23,33,56.2,15.21,40.99,1.70,7.63
3/1/2025 5:23:19,16,22,46.83,12.68,34.16,2.13,8.33
3/1/2025 6:46:19,20,30,59.32,16.06,43.26,1.98,5.36
3/1/2025 7:15:34,20,26,39.03,10.56,28.46,1.50,5.07
3/1/2025 8:14:17,26,47,48.4,13.1,35.29,1.03,2.44
3/1/2025 9:13:24,28,56,67.13,18.17,48.96,1.20,1.68
3/1/2025 10:24:41,27,64,62.45,16.9,45.54,0.98,1.79
3/1/2025 11:22:36,38,104,95.23,25.78,69.45,0.92,1.70
3/1/2025 12:30:50,44,116,85.86,23.24,62.62,0.74,2.15
3/1/2025 13:22:46,59,119,126.45,34.23,92.22,1.06,2.09
3/1/2025 14:34:55,72,192,206.07,55.78,150.29,1.07,1.52
3/1/2025 15:46:42,61,143,167.04,45.22,121.82,1.17,1.56
3/1/2025 16:17:53,86,181,201.39,54.51,146.87,1.11,1.62
3/1/2025 17:44:11,106,247,237.29,64.23,173.06,0.96,2.01
3/1/2025 18:42:09,27,41,65.57,17.75,47.82,1.60,5.81
3/1/2025 19:35:09,63,141,152.99,41.41,111.58,1.09,2.54
3/1/2025 20:09:52,96,111,295.05,79.87,215.19,2.66,1.34
3/1/2025 21:33:20,150,217,399.65,108.18,291.47,1.84,1.16
3/1/2025 22:07:13,136,165,313.79,84.94,228.85,1.90,1.78
3/1/2025 23:43:31,136,193,388.72,105.22,283.5,2.01,1.64
3/2/2025 0:11:30,135,429,305.4,91.38,214.03,0.71,1.76
3/2/2025 1:33:13,109,321,273.46,81.82,191.64,0.85,1.76
3/2/2025 2:41:20,77,170,168.68,50.47,118.21,0.99,2.60
3/2/2025 3:24:20,43,65,71.56,21.41,50.15,1.10,5.23
3/2/2025 4:10:09,32,47,63.89,19.12,44.78,1.36,7.69
3/2/2025 5:43:19,15,19,33.22,9.94,23.28,1.75,7.53
3/2/2025 6:10:06,29,39,48.56,14.53,34.03,1.25,6.10
3/2/2025 7:48:44,29,39,48.56,14.53,34.03,1.25,4.82
3/2/2025 8:02:30,47,109,111.17,33.26,77.91,1.02,3.80
3/2/2025 9:04:19,60,140,111.17,33.26,77.91,0.79,2.85
3/2/2025 10:53:41,62,200,149.51,44.73,104.77,0.75,1.95
3/2/2025 11:42:13,66,216,153.34,45.88,107.46,0.71,1.62
3/2/2025 12:09:52,68,229,162.29,48.56,113.73,0.71,2.43
3/2/2025 13:32:51,97,260,236.4,70.73,165.67,0.91,1.62
3/2/2025 14:33:34,95,227,195.51,58.5,137.01,0.86,1.74
3/2/2025 15:06:41,92,196,158.45,47.41,111.04,0.81,1.64
3/2/2025 16:50:38,80,156,201.9,60.41,141.49,1.29,1.24
3/2/2025 17:31:03,91,180,207.01,61.94,145.07,1.15,1.37
3/2/2025 18:33:09,22,27,34.5,10.32,24.18,1.28,4.78
3/2/2025 19:28:50,83,197,192.95,57.73,135.22,0.98,1.67
3/2/2025 20:36:18,123,109,221.07,66.14,154.92,2.03,1.61
3/2/2025 21:03:48,178,251,435.74,130.38,305.37,1.74,1.07
3/2/2025 22:49:13,170,212,370.57,110.88,259.7,1.75,1.39
3/2/2025 23:43:31,150,146,256.85,76.85,180,1.76,1.98
3/3/2025 0:05:02,135,359,245,72.68,172.32,0.68,1.64
3/3/2025 1:38:41,113,266,200.11,59.36,140.74,0.75,1.58
3/3/2025 2:21:15,97,213,177.02,52.51,124.5,0.83,1.89
3/3/2025 3:24:38,47,85,119.3,35.39,83.91,1.40,3.27
3/3/2025 4:50:31,23,30,42.33,12.56,29.77,1.41,6.45
3/3/2025 5:13:32,14,16,25.65,7.61,18.04,1.60,10.18
3/3/2025 6:20:47,23,29,38.48,11.42,27.07,1.33,6.44
3/3/2025 7:36:32,33,49,70.55,20.93,49.62,1.44,3.78
3/3/2025 8:18:40,48,104,97.49,28.92,68.57,0.94,4.62
3/3/2025 9:25:07,68,165,128.27,38.05,90.22,0.78,1.89
3/3/2025 10:27:37,62,198,153.93,45.66,108.26,0.78,1.31
3/3/2025 11:38:02,61,186,141.1,41.86,99.24,0.76,1.68
3/3/2025 12:37:49,60,190,152.65,45.28,107.36,0.80,3.24
3/3/2025 13:50:07,99,258,237.31,70.4,166.91,0.92,1.89
3/3/2025 14:27:27,109,271,219.35,65.07,154.28,0.81,2.02
3/3/2025 15:52:16,114,271,203.96,60.51,143.45,0.75,1.73
3/3/2025 16:25:44,107,182,165.47,49.09,116.38,0.91,1.99
3/3/2025 17:12:06,75,121,150.08,44.52,105.56,1.24,2.13
3/3/2025 18:15:35,15,18,30.79,9.13,21.65,1.71,7.24
3/3/2025 19:06:23,73,163,182.15,54.04,128.11,1.12,2.55
3/3/2025 20:11:34,133,151,338.65,100.46,238.18,2.24,1.21
3/3/2025 21:24:41,206,253,379.69,112.64,267.05,1.50,1.41
3/3/2025 22:28:39,211,318,501.55,148.79,352.76,1.58,1.21
3/3/2025 23:28:54,209,281,432.29,128.24,304.04,1.54,1.80
3/4/2025 0:39:32,164,566,373.23,99.62,273.62,0.66,1.83
3/4/2025 1:13:56,110,250,193.63,51.68,141.95,0.77,2.24
3/4/2025 2:51:08,82,168,159.96,42.69,117.26,0.95,2.30
3/4/2025 3:43:46,61,129,169.78,45.31,124.47,1.32,2.70
3/4/2025 4:46:05,32,44,58.93,15.73,43.2,1.34,5.94
3/4/2025 5:14:08,29,39,51.92,13.86,38.06,1.33,3.74
3/4/2025 6:35:50,33,52,88.4,23.59,64.8,1.70,3.77
3/4/2025 7:04:24,29,39,54.72,14.61,40.12,1.40,5.03
3/4/2025 8:51:13,38,75,81.38,21.72,59.66,1.09,2.30
3/4/2025 9:55:35,50,117,120.67,32.21,88.46,1.03,1.59
3/4/2025 10:13:09,50,143,129.09,34.45,94.63,0.90,1.34
3/4/2025 11:46:27,49,134,115.06,30.71,84.35,0.86,1.81
3/4/2025 12:18:48,61,177,130.49,34.83,95.66,0.74,2.05
3/4/2025 13:04:22,86,169,145.93,38.95,106.98,0.86,2.00
3/4/2025 14:02:45,104,282,260.98,69.66,191.33,0.93,1.11
3/4/2025 15:45:26,99,208,166.97,44.56,122.41,0.80,1.78
3/4/2025 16:07:35,99,167,168.38,44.94,123.44,1.01,1.78
3/4/2025 17:36:50,83,160,214.68,57.3,157.38,1.34,1.73
3/4/2025 18:32:53,18,24,49.11,13.11,36,2.05,4.60
3/4/2025 19:24:03,64,135,168.38,44.94,123.44,1.25,2.51
3/4/2025 20:48:42,126,140,339.56,90.63,248.93,2.43,1.30
3/4/2025 21:14:42,186,206,338.16,90.25,247.9,1.64,1.57
3/4/2025 22:45:25,205,300,495.31,132.2,363.11,1.65,1.35
3/4/2025 23:32:53,195,282,488.29,130.32,357.97,1.73,1.65
3/5/2025 0:40:04,52,96,126.07,33.84,92.24,1.31,1.83
3/5/2025 1:07:54,13,15,23.46,6.3,17.16,1.56,1.24
3/5/2025 2:40:54,76,164,171.52,46.04,125.48,1.05,2.58
3/5/2025 3:35:22,51,97,133.4,35.81,97.6,1.38,3.73
3/5/2025 4:51:08,34,53,80.63,21.64,58.99,1.52,4.64
3/5/2025 5:38:26,26,35,51.31,13.77,37.54,1.47,6.06
3/5/2025 6:13:06,37,63,102.62,27.54,75.08,1.63,2.69
3/5/2025 7:10:29,29,45,80.63,21.64,58.99,1.79,3.08
3/5/2025 8:02:36,40,85,90.89,24.39,66.5,1.07,4.66
3/5/2025 9:04:19,65,187,178.85,48,130.85,0.96,1.30
3/5/2025 10:46:18,57,155,108.48,29.12,79.37,0.70,1.56
3/5/2025 11:27:31,71,257,194.98,52.33,142.64,0.76,1.11
3/5/2025 12:23:31,74,241,159.79,42.89,116.9,0.66,2.18
3/5/2025 13:17:49,80,162,151,40.53,110.47,0.93,1.89
3/5/2025 14:13:42,98,242,216.97,58.23,158.73,0.90,1.33
3/5/2025 15:29:42,81,183,186.18,49.97,136.21,1.02,1.26
3/5/2025 16:23:41,81,128,143.67,38.56,105.11,1.12,1.59
3/5/2025 17:41:53,82,138,162.72,43.67,119.05,1.18,1.95
3/5/2025 18:32:15,35,53,74.76,20.07,54.7,1.41,1.93
3/5/2025 19:31:49,95,215,186.18,49.97,136.21,0.87,1.60
3/5/2025 20:38:18,134,160,367.96,98.76,269.2,2.30,1.03
3/5/2025 21:46:54,203,321,535.08,143.62,391.47,1.67,0.89
3/5/2025 22:08:09,210,333,535.08,143.62,391.47,1.61,1.05
3/5/2025 23:35:07,197,239,376.76,101.12,275.64,1.58,1.54
3/6/2025 0:45:25,154,519,397.9,113.69,284.21,0.77,1.29
3/6/2025 1:12:32,122,329,284.62,81.32,203.3,0.87,1.32
3/6/2025 2:07:17,83,156,148.68,42.48,106.2,0.95,2.85
3/6/2025 3:07:33,59,99,113.28,32.37,80.91,1.14,4.08
3/6/2025 4:17:31,40,63,96.29,27.51,68.78,1.53,4.50
3/6/2025 5:47:30,21,28,59.47,16.99,42.48,2.12,4.44
3/6/2025 6:30:42,33,46,67.97,19.42,48.55,1.48,4.58
3/6/2025 7:22:34,29,41,69.39,19.83,49.56,1.69,3.16
3/6/2025 8:34:40,48,103,107.62,30.75,76.87,1.04,2.02
3/6/2025 9:27:47,54,124,128.86,36.82,92.04,1.04,1.31
3/6/2025 10:09:43,65,192,148.68,42.48,106.2,0.77,1.63
3/6/2025 11:52:29,67,196,147.27,42.08,105.19,0.75,1.58
3/6/2025 12:25:39,69,209,158.6,45.32,113.28,0.76,1.60
3/6/2025 13:47:26,98,234,233.65,66.76,166.89,1.00,1.17
3/6/2025 14:54:08,93,225,237.89,67.97,169.92,1.06,1.16
3/6/2025 15:37:18,114,327,314.36,89.82,224.54,0.96,0.90
3/6/2025 16:09:34,101,184,213.82,61.09,152.73,1.16,1.51
3/6/2025 17:20:08,110,195,205.32,58.67,146.66,1.05,1.73
3/6/2025 18:05:36,37,54,79.3,22.66,56.64,1.47,2.96
3/6/2025 19:31:17,85,162,152.93,43.7,109.23,0.94,2.02
3/6/2025 20:53:41,154,174,383.74,109.65,274.1,2.21,1.25
3/6/2025 21:36:55,176,214,427.64,122.19,305.45,2.00,1.15
3/6/2025 22:29:24,186,246,481.45,137.56,343.89,1.96,1.33
3/6/2025 23:15:44,167,187,380.91,108.84,272.07,2.04,1.91
3/7/2025 0:53:48,157,563,408.85,112.68,296.17,0.73,1.46
3/7/2025 1:06:28,118,385,357.96,98.66,259.3,0.93,1.14
3/7/2025 2:37:16,99,272,276.52,76.21,200.31,1.02,1.83
3/7/2025 3:42:53,62,143,205.27,56.58,148.7,1.44,2.98
3/7/2025 4:40:07,54,98,127.24,35.07,92.17,1.30,3.51
3/7/2025 5:53:02,28,44,88.22,24.31,63.9,2.01,4.76
3/7/2025 6:38:52,24,36,76.34,21.04,55.3,2.12,6.80
3/7/2025 7:51:40,22,32,72.95,20.11,52.84,2.28,4.18
3/7/2025 8:05:06,23,44,74.64,20.57,54.07,1.70,2.61
3/7/2025 9:42:30,22,38,47.5,13.09,34.41,1.25,3.62
3/7/2025 10:30:18,20,46,67.86,18.7,49.16,1.48,3.58
3/7/2025 11:48:13,26,61,78.04,21.51,56.53,1.28,3.97
3/7/2025 12:05:35,23,49,62.77,17.3,45.47,1.28,3.33
3/7/2025 13:17:37,52,89,111.97,30.86,81.11,1.26,2.44
3/7/2025 14:09:22,70,156,195.09,53.77,141.32,1.25,2.19
3/7/2025 15:26:35,80,173,183.22,50.5,132.72,1.06,2.13
3/7/2025 16:07:26,90,177,229.02,63.12,165.9,1.29,1.31
3/7/2025 17:34:10,95,178,210.36,57.98,152.38,1.18,2.04
3/7/2025 18:16:46,33,56,108.57,29.92,78.65,1.94,2.87
3/7/2025 19:32:41,94,222,215.45,59.38,156.07,0.97,1.88
3/7/2025 20:39:03,106,95,251.08,69.2,181.88,2.64,1.61
3/7/2025 21:25:51,149,174,378.31,104.27,274.05,2.17,1.28
3/7/2025 22:31:12,167,188,361.35,99.59,261.76,1.92,1.70
3/7/2025 23:42:05,194,298,549.66,151.49,398.16,1.84,1.54
3/8/2025 0:44:50,153,499,354.11,101.38,252.72,0.71,2.18
3/8/2025 1:42:51,125,400,344.62,98.67,245.96,0.86,1.58
3/8/2025 2:55:20,90,249,276.65,79.2,197.44,1.11,1.91
3/8/2025 3:46:18,64,126,151.76,43.45,108.31,1.20,4.16
3/8/2025 4:42:16,49,94,143.86,41.19,102.67,1.53,3.80
3/8/2025 5:44:08,27,38,61.65,17.65,44,1.62,4.87
3/8/2025 6:18:21,42,73,115.4,33.04,82.36,1.58,4.45
3/8/2025 7:54:29,31,50,94.85,27.16,67.69,1.90,2.72
3/8/2025 8:14:28,32,62,75.88,21.72,54.16,1.22,1.71
3/8/2025 9:51:40,31,62,86.95,24.89,62.05,1.40,1.62
3/8/2025 10:19:18,34,79,77.46,22.18,55.28,0.98,2.16
3/8/2025 11:14:31,43,114,107.5,30.78,76.72,0.94,1.74
3/8/2025 12:30:50,44,126,131.21,37.57,93.64,1.04,1.71
3/8/2025 13:38:53,74,164,189.7,54.31,135.39,1.16,1.66
3/8/2025 14:05:40,71,140,151.76,43.45,108.31,1.08,1.59
3/8/2025 15:29:09,84,210,233.96,66.98,166.98,1.11,1.12
3/8/2025 16:36:37,80,154,219.74,62.91,156.82,1.43,1.14
3/8/2025 17:31:10,78,134,180.21,51.6,128.62,1.34,1.56
3/8/2025 18:33:52,16,20,42.68,12.22,30.46,2.13,4.43
3/8/2025 19:36:15,77,178,205.51,58.84,146.67,1.15,1.23
3/8/2025 20:03:18,133,129,286.13,81.92,204.21,2.22,1.18
3/8/2025 21:04:47,168,197,377.82,108.17,269.65,1.92,1.15
3/8/2025 22:45:29,179,209,374.66,107.27,267.39,1.79,1.32
3/8/2025 23:08:21,160,199,411.02,117.68,293.34,2.07,1.20
3/9/2025 0:37:20,164,536,353.09,92.83,260.25,0.66,1.30
3/9/2025 1:21:39,122,288,212.14,55.78,156.36,0.74,2.12
3/9/2025 2:28:17,105,260,230.65,60.64,170,0.89,1.71
3/9/2025 3:49:29,64,119,133.83,35.19,98.64,1.12,2.91
3/9/2025 4:18:37,39,59,81.15,21.34,59.82,1.38,4.65
3/9/2025 5:54:26,26,36,59.8,15.72,44.08,1.66,4.55
3/9/2025 6:35:56,29,41,64.07,16.85,47.22,1.56,5.01
3/9/2025 7:27:17,27,40,75.46,19.84,55.62,1.89,2.46
3/9/2025 8:24:16,51,109,99.66,26.2,73.46,0.91,3.05
3/9/2025 9:31:49,67,169,146.65,38.56,108.09,0.87,1.95
3/9/2025 10:35:48,58,166,132.41,34.81,97.59,0.80,1.50
3/9/2025 11:47:32,43,101,81.15,21.34,59.82,0.80,3.22
3/9/2025 12:09:52,54,163,143.8,37.81,105.99,0.88,2.97
3/9/2025 13:38:26,82,165,158.04,41.55,116.48,0.96,1.98
3/9/2025 14:22:15,97,231,214.98,56.52,158.46,0.93,1.45
3/9/2025 15:04:23,88,193,186.51,49.04,137.47,0.97,1.40
3/9/2025 16:11:31,90,182,239.19,62.89,176.3,1.31,1.07
3/9/2025 17:19:13,94,178,212.14,55.78,156.36,1.19,1.42
3/9/2025 18:06:28,29,39,55.53,14.6,40.93,1.42,2.56
3/9/2025 19:37:31,84,183,183.66,48.29,135.37,1.00,1.52
3/9/2025 20:03:18,119,123,316.07,83.1,232.97,2.57,1.11
3/9/2025 21:27:07,168,226,454.17,119.41,334.76,2.01,0.92
3/9/2025 22:33:42,188,226,391.53,102.94,288.59,1.73,1.26
3/9/2025 23:24:37,213,284,449.9,118.29,331.61,1.58,1.20
3/10/2025 0:36:55,162,593,422.16,117.34,304.82,0.71,1.10
3/10/2025 1:29:42,136,413,323.07,89.8,233.27,0.78,1.21
3/10/2025 2:40:16,101,223,191.4,53.2,138.2,0.86,1.90
3/10/2025 3:51:04,53,82,88.23,24.52,63.71,1.08,4.73
3/10/2025 4:48:12,34,51,81.45,22.64,58.81,1.60,5.79
3/10/2025 5:05:50,34,52,84.16,23.39,60.77,1.62,3.92
3/10/2025 6:38:03,37,53,67.87,18.87,49.01,1.28,5.35
3/10/2025 7:49:22,31,43,61.08,16.98,44.11,1.42,4.37
3/10/2025 8:55:34,56,140,147.96,41.13,106.83,1.06,1.78
3/10/2025 9:47:12,82,199,137.1,38.11,98.99,0.69,1.61
3/10/2025 10:16:25,70,211,147.96,41.13,106.83,0.70,1.64
3/10/2025 11:52:33,72,218,149.32,41.5,107.81,0.68,1.79
3/10/2025 12:32:26,58,147,97.73,27.17,70.57,0.66,4.47
3/10/2025 13:54:44,76,168,191.4,53.2,138.2,1.14,1.67
3/10/2025 14:23:31,101,248,230.76,64.14,166.62,0.93,1.32
3/10/2025 15:30:34,94,223,217.19,60.37,156.82,0.97,1.45
3/10/2025 16:15:49,99,208,257.91,71.69,186.22,1.24,1.09
3/10/2025 17:37:56,95,151,157.46,43.77,113.69,1.04,2.27
3/10/2025 18:23:03,30,41,58.37,16.22,42.15,1.42,3.31
3/10/2025 19:27:35,89,181,164.25,45.65,118.59,0.91,1.91
3/10/2025 20:40:29,131,123,274.2,76.21,197.98,2.23,1.86
3/10/2025 21:16:12,177,193,344.78,95.83,248.95,1.79,1.57
3/10/2025 22:38:44,191,248,441.16,122.62,318.54,1.78,1.42
3/10/2025 23:27:56,190,239,423.51,117.72,305.8,1.77,1.45
3/11/2025 0:29:09,166,629,438.2,124.86,313.34,0.70,1.12
3/11/2025 1:10:33,126,317,238.65,68,170.65,0.75,1.71
3/11/2025 2:31:20,113,289,244.05,69.54,174.51,0.84,2.00
3/11/2025 3:54:12,62,126,163.15,46.49,116.66,1.29,2.95
3/11/2025 4:36:25,27,35,48.54,13.83,34.71,1.39,8.45
3/11/2025 5:46:10,33,49,76.85,21.9,54.96,1.57,4.24
3/11/2025 6:14:08,36,51,66.07,18.83,47.24,1.30,4.72
3/11/2025 7:55:34,42,72,110.56,31.5,79.06,1.54,2.11
3/11/2025 8:23:24,58,143,141.57,40.34,101.23,0.99,1.61
3/11/2025 9:45:18,72,195,171.24,48.79,122.44,0.88,1.10
3/11/2025 10:06:56,66,216,172.58,49.18,123.41,0.80,1.35
3/11/2025 11:27:08,73,205,126.74,36.11,90.63,0.62,1.94
3/11/2025 12:16:50,66,178,114.61,32.66,81.95,0.64,2.51
3/11/2025 13:17:53,75,164,187.42,53.4,134.01,1.14,1.54
3/11/2025 14:28:40,84,191,200.9,57.24,143.65,1.05,1.49
3/11/2025 15:21:11,92,192,171.24,48.79,122.44,0.89,1.55
3/11/2025 16:43:32,91,167,203.6,58.01,145.58,1.22,1.33
3/11/2025 17:30:14,89,145,163.15,46.49,116.66,1.13,2.16
3/11/2025 18:32:54,34,51,79.55,22.67,56.88,1.56,2.29
3/11/2025 19:38:52,91,203,192.81,54.94,137.87,0.95,1.69
3/11/2025 20:45:24,143,158,349.21,99.51,249.71,2.21,1.26
3/11/2025 21:12:47,198,228,370.79,105.65,265.13,1.63,1.45
3/11/2025 22:34:06,179,185,315.51,89.9,225.61,1.71,1.84
3/11/2025 23:50:30,162,186,366.74,104.5,262.24,1.97,1.62
3/12/2025 0:46:11,149,393,272.56,77.19,195.36,0.69,1.67
3/12/2025 1:06:40,145,424,320.4,90.74,229.65,0.76,1.24
3/12/2025 2:11:16,126,351,297.2,84.17,213.03,0.85,1.27
3/12/2025 3:17:28,68,147,192.82,54.61,138.21,1.31,2.46
3/12/2025 4:09:29,42,68,101.48,28.74,72.74,1.49,4.11
3/12/2025 5:08:21,26,36,62.34,17.66,44.68,1.73,5.98
3/12/2025 6:19:17,35,53,84.09,23.82,60.27,1.59,4.07
3/12/2025 7:21:30,41,65,97.13,27.51,69.62,1.49,2.50
3/12/2025 8:39:04,51,121,136.28,38.6,97.68,1.13,1.76
3/12/2025 9:46:55,54,121,118.88,33.67,85.21,0.98,1.77
3/12/2025 10:44:09,57,161,133.38,37.78,95.6,0.83,1.75
3/12/2025 11:41:09,76,273,217.47,61.59,155.87,0.80,0.95
3/12/2025 12:51:05,81,233,140.63,39.83,100.8,0.60,1.86
3/12/2025 13:53:12,97,248,259.51,73.5,186.01,1.05,1.20
3/12/2025 14:21:16,91,217,230.51,65.29,165.23,1.06,1.23
3/12/2025 15:43:19,94,206,198.62,56.25,142.37,0.96,1.37
3/12/2025 16:18:30,103,182,200.07,56.66,143.4,1.10,1.40
3/12/2025 17:10:15,81,142,198.62,56.25,142.37,1.40,1.41
3/12/2025 18:09:22,22,29,49.29,13.96,35.33,1.70,3.08
3/12/2025 19:21:40,81,183,208.77,59.13,149.64,1.14,1.50
3/12/2025 20:53:34,134,144,353.74,100.19,253.56,2.46,1.06
3/12/2025 21:28:48,186,204,365.34,103.47,261.87,1.79,1.31
3/12/2025 22:20:44,171,177,334.9,94.85,240.05,1.89,1.47
3/12/2025 23:33:52,164,197,416.08,117.84,298.24,2.11,1.28
3/13/2025 0:45:27,147,467,354.38,100.87,253.51,0.76,1.52
3/13/2025 1:15:50,127,405,355.84,101.29,254.56,0.88,1.17
3/13/2025 2:42:06,108,245,206.48,58.77,147.71,0.84,2.28
3/13/2025 3:39:05,64,109,114.22,32.51,81.71,1.05,4.01
3/13/2025 4:32:13,45,72,98.11,27.93,70.19,1.36,4.91
3/13/2025 5:08:49,34,48,67.36,19.17,48.19,1.40,6.47
3/13/2025 6:28:16,31,47,84.93,24.18,60.76,1.81,5.16
3/13/2025 7:03:11,37,60,102.51,29.18,73.33,1.71,2.28
3/13/2025 8:39:29,50,121,140.58,40.01,100.57,1.16,1.49
3/13/2025 9:47:23,70,187,172.8,49.18,123.61,0.92,1.22
3/13/2025 10:30:12,57,174,156.69,44.6,112.09,0.90,1.37
3/13/2025 11:38:18,67,205,156.69,44.6,112.09,0.76,1.80
3/13/2025 12:22:41,56,140,98.11,27.93,70.19,0.70,2.30
3/13/2025 13:08:21,82,189,212.33,60.44,151.9,1.12,1.40
3/13/2025 14:05:39,88,193,193.3,55.02,138.28,1.00,1.58
3/13/2025 15:32:26,96,241,246.01,70.02,175.99,1.02,1.18
3/13/2025 16:13:40,86,146,181.58,51.68,129.9,1.24,1.80
3/13/2025 17:21:33,95,170,202.08,57.52,144.56,1.19,1.70
3/13/2025 18:08:15,39,66,112.76,32.09,80.66,1.71,1.57
3/13/2025 19:50:38,89,197,197.69,56.27,141.42,1.00,1.89
3/13/2025 20:38:07,133,125,285.55,81.28,204.27,2.28,1.67
3/13/2025 21:05:49,196,256,456.88,130.05,326.84,1.78,1.14
3/13/2025 22:12:49,186,194,330.95,94.2,236.75,1.71,1.89
3/13/2025 23:25:33,186,203,354.38,100.87,253.51,1.75,1.95
3/14/2025 0:05:40,166,602,439.07,121.11,317.96,0.73,1.41
3/14/2025 1:47:36,149,566,467.61,128.99,338.62,0.83,1.10
3/14/2025 2:29:56,112,300,280.56,77.39,203.17,0.94,2.18
3/14/2025 3:30:05,66,142,193.38,53.34,140.04,1.36,3.85
3/14/2025 4:27:46,51,88,120.47,33.23,87.24,1.37,4.59
3/14/2025 5:35:30,34,50,80.84,22.3,58.54,1.62,6.31
3/14/2025 6:56:51,37,58,93.52,25.8,67.72,1.61,5.76
3/14/2025 7:52:09,34,55,101.45,27.98,73.46,1.84,3.90
3/14/2025 8:39:27,33,66,88.77,24.49,64.28,1.35,1.92
3/14/2025 9:02:56,31,62,93.52,25.8,67.72,1.51,2.06
3/14/2025 10:50:39,22,46,53.89,14.87,39.03,1.17,5.44
3/14/2025 11:56:12,21,46,60.23,16.62,43.62,1.31,4.85
3/14/2025 12:19:36,30,65,64.99,17.93,47.06,1.00,4.75
3/14/2025 13:49:28,49,88,134.73,37.17,97.57,1.53,2.76
3/14/2025 14:12:26,61,118,156.93,43.29,113.64,1.33,3.15
3/14/2025 15:18:46,67,143,190.21,52.47,137.74,1.33,1.98
3/14/2025 16:33:28,74,125,185.46,51.16,134.3,1.48,1.46
3/14/2025 17:15:35,88,186,275.81,76.08,199.73,1.48,1.52
3/14/2025 18:24:04,40,60,82.43,22.74,59.69,1.37,3.14
3/14/2025 19:20:42,73,162,204.48,56.4,148.07,1.26,1.90
3/14/2025 20:41:53,120,128,353.48,97.5,255.97,2.76,1.17
3/14/2025 21:33:45,158,181,388.35,107.12,281.23,2.15,1.20
3/14/2025 22:46:02,165,190,396.28,109.31,286.97,2.09,1.48
3/14/2025 23:24:03,183,254,508.82,140.35,368.46,2.00,1.52
3/15/2025 0:21:02,146,425,315.63,91.41,224.22,0.74,2.11
3/15/2025 1:08:30,140,444,359.16,104.02,255.14,0.81,1.49
3/15/2025 2:50:47,116,360,348.28,100.87,247.41,0.97,1.57
3/15/2025 3:56:33,81,182,206.79,59.89,146.9,1.14,3.21
3/15/2025 4:08:21,48,85,129.05,37.38,91.67,1.52,4.39
3/15/2025 5:10:31,52,86,107.28,31.07,76.21,1.25,5.05
3/15/2025 6:22:37,55,107,155.48,45.03,110.45,1.45,3.87
3/15/2025 7:25:34,40,61,88.63,25.67,62.96,1.45,3.31
3/15/2025 8:27:02,28,55,85.52,24.77,60.75,1.55,1.65
3/15/2025 9:44:29,41,91,115.06,33.32,81.73,1.26,1.38
3/15/2025 10:09:48,36,91,99.51,28.82,70.69,1.09,1.67
3/15/2025 11:47:04,37,92,99.51,28.82,70.69,1.08,2.01
3/15/2025 12:39:44,37,96,110.39,31.97,78.42,1.15,1.45
3/15/2025 13:22:04,70,126,132.16,38.28,93.88,1.05,1.82
3/15/2025 14:11:07,65,142,195.91,56.74,139.17,1.38,1.03
3/15/2025 15:31:48,90,194,191.24,55.39,135.86,0.99,1.43
3/15/2025 16:02:21,102,182,202.13,58.54,143.59,1.11,1.46
3/15/2025 17:49:10,92,176,230.11,66.65,163.47,1.31,1.26
3/15/2025 18:54:34,36,52,71.52,20.71,50.81,1.38,2.53
3/15/2025 19:12:56,91,190,180.36,52.24,128.12,0.95,1.90
3/15/2025 20:43:23,128,118,281.42,81.51,199.92,2.38,1.53
3/15/2025 21:16:51,181,197,360.72,104.47,256.25,1.83,1.32
3/15/2025 22:07:18,171,238,505.32,146.35,358.97,2.12,1.02
3/15/2025 23:54:41,164,189,390.26,113.03,277.23,2.06,1.41
3/16/2025 0:37:23,154,503,379.08,106.46,272.62,0.75,1.25
3/16/2025 1:02:33,117,281,234.6,65.88,168.72,0.83,1.68
3/16/2025 2:16:47,113,296,270.36,75.93,194.44,0.91,1.70
3/16/2025 3:29:50,68,123,135.9,38.16,97.73,1.10,3.26
3/16/2025 4:21:52,31,46,80.11,22.5,57.61,1.74,5.50
3/16/2025 5:46:41,39,64,105.86,29.73,76.13,1.65,3.47
3/16/2025 6:12:39,43,65,84.4,23.7,60.7,1.30,3.41
3/16/2025 7:43:23,43,72,111.58,31.33,80.24,1.55,1.85
3/16/2025 8:30:50,63,166,173.09,48.61,124.48,1.04,1.20
3/16/2025 9:34:13,73,178,147.34,41.38,105.96,0.83,1.47
3/16/2025 10:05:14,57,157,130.17,36.56,93.62,0.83,1.80
3/16/2025 11:50:07,52,147,135.9,38.16,97.73,0.92,2.03
3/16/2025 12:43:30,62,172,130.17,36.56,93.62,0.76,1.95
3/16/2025 13:05:12,81,181,207.42,58.25,149.17,1.15,1.29
3/16/2025 14:47:15,84,181,193.12,54.23,138.88,1.07,1.38
3/16/2025 15:05:03,90,204,211.71,59.46,152.26,1.04,1.20
3/16/2025 16:05:27,83,142,188.82,53.03,135.8,1.33,1.39
3/16/2025 17:52:34,78,138,203.13,57.05,146.08,1.47,1.27
3/16/2025 18:53:17,26,37,70.09,19.68,50.41,1.89,2.11
3/16/2025 19:44:17,86,202,226.02,63.47,162.54,1.12,1.41
3/16/2025 20:25:28,142,165,399.11,112.08,287.02,2.42,1.08
3/16/2025 21:21:27,208,249,414.84,116.5,298.34,1.67,1.30
3/16/2025 22:15:45,203,235,396.24,111.28,284.97,1.69,1.39
3/16/2025 23:12:47,191,218,390.52,109.67,280.85,1.79,1.46
3/17/2025 0:26:54,162,556,417.86,123.11,294.75,0.75,1.20
3/17/2025 1:19:36,139,402,324.84,95.7,229.14,0.81,1.33
3/17/2025 2:37:48,117,293,258.4,76.13,182.27,0.88,1.71
3/17/2025 3:24:04,73,146,172.76,50.9,121.86,1.18,2.54
3/17/2025 4:12:48,42,68,104.84,30.89,73.95,1.54,3.89
3/17/2025 5:34:16,41,59,76.78,22.62,54.16,1.30,5.47
3/17/2025 6:41:52,52,93,134.37,39.59,94.78,1.44,3.26
3/17/2025 7:04:06,57,103,138.8,40.89,97.9,1.35,1.77
3/17/2025 8:34:06,78,224,208.19,61.34,146.86,0.93,0.95
3/17/2025 9:44:19,80,228,203.76,60.03,143.73,0.89,1.13
3/17/2025 10:10:30,63,190,160.94,47.42,113.53,0.85,1.61
3/17/2025 11:04:13,50,130,115.17,33.93,81.24,0.89,2.29
3/17/2025 12:56:36,65,174,125.51,36.98,88.53,0.72,1.78
3/17/2025 13:16:28,77,139,138.8,40.89,97.9,1.00,1.94
3/17/2025 14:43:26,88,174,168.33,49.59,118.73,0.97,1.50
3/17/2025 15:26:37,94,209,211.15,62.21,148.94,1.01,1.35
3/17/2025 16:18:23,105,198,233.29,68.73,164.56,1.18,1.42
3/17/2025 17:15:37,90,154,196.38,57.86,138.52,1.28,1.39
3/17/2025 18:24:35,31,45,76.78,22.62,54.16,1.71,1.91
3/17/2025 19:05:42,89,193,200.81,59.16,141.65,1.04,1.51
3/17/2025 20:48:14,132,122,289.4,85.26,204.14,2.37,1.25
3/17/2025 21:23:24,202,266,488.74,143.99,344.75,1.84,1.10
3/17/2025 22:33:12,206,230,386.86,113.98,272.88,1.68,1.44
3/17/2025 23:55:49,182,181,326.32,96.14,230.18,1.80,1.96
3/18/2025 0:22:14,160,472,331.65,96.58,235.07,0.70,1.58
3/18/2025 1:49:37,143,371,270.67,78.82,191.85,0.73,1.67
3/18/2025 2:18:03,107,233,200.77,58.47,142.31,0.86,1.87
3/18/2025 3:04:28,71,132,145.75,42.44,103.3,1.10,3.22
3/18/2025 4:28:14,49,83,117.49,34.21,83.28,1.42,3.42
3/18/2025 5:48:29,50,82,110.05,32.05,78,1.34,3.37
3/18/2025 6:16:51,48,74,90.72,26.42,64.3,1.23,5.08
3/18/2025 7:26:21,53,88,113.03,32.91,80.11,1.28,1.96
3/18/2025 8:07:43,55,121,117.49,34.21,83.28,0.97,1.70
3/18/2025 9:49:46,53,118,121.95,35.51,86.44,1.03,1.46
3/18/2025 10:03:25,58,150,110.05,32.05,78,0.73,2.53
3/18/2025 11:34:14,55,148,124.93,36.38,88.55,0.84,1.73
3/18/2025 12:41:50,49,134,129.39,37.68,91.71,0.97,1.48
3/18/2025 13:39:04,66,114,123.44,35.95,87.49,1.08,1.63
3/18/2025 14:51:05,87,184,188.88,55,133.87,1.03,1.57
3/18/2025 15:36:47,88,200,217.13,63.23,153.9,1.09,1.08
3/18/2025 16:48:36,103,194,229.03,66.7,162.33,1.18,1.13
3/18/2025 17:47:03,92,149,174,50.67,123.33,1.17,1.92
3/18/2025 18:39:19,38,63,110.05,32.05,78,1.75,1.34
3/18/2025 19:10:14,90,216,237.95,69.29,168.66,1.10,1.30
3/18/2025 20:44:10,153,141,285.54,83.15,202.39,2.03,1.66
3/18/2025 21:56:32,201,253,453.6,132.09,321.51,1.79,1.25
3/18/2025 22:14:35,215,300,520.52,151.58,368.94,1.74,1.15
3/18/2025 23:13:15,206,312,578.52,168.47,410.05,1.85,1.00
3/19/2025 0:23:32,152,530,433.9,122.37,311.53,0.82,1.21
3/19/2025 1:04:24,134,372,309.93,87.41,222.52,0.83,1.48
3/19/2025 2:28:08,100,206,184.52,52.04,132.48,0.90,2.11
3/19/2025 3:15:50,76,159,190.28,53.66,136.62,1.20,3.34
3/19/2025 4:30:37,47,76,108.11,30.49,77.62,1.42,4.69
3/19/2025 5:37:54,59,104,134.06,37.81,96.25,1.29,3.90
3/19/2025 6:20:47,60,101,118.21,33.34,84.87,1.17,4.01
3/19/2025 7:28:08,56,88,99.47,28.05,71.41,1.13,3.25
3/19/2025 8:30:04,57,124,116.76,32.93,83.83,0.94,1.73
3/19/2025 9:47:54,66,169,168.66,47.57,121.09,1.00,1.14
3/19/2025 10:45:55,60,159,121.09,34.15,86.94,0.76,1.51
3/19/2025 11:03:17,49,117,90.82,25.61,65.2,0.78,2.39
3/19/2025 12:02:17,45,103,82.17,23.17,58.99,0.80,2.21
3/19/2025 13:36:15,66,128,162.89,45.94,116.95,1.27,1.45
3/19/2025 14:41:06,91,217,240.74,67.89,172.84,1.11,1.13
3/19/2025 15:15:19,78,170,204.7,57.73,146.97,1.20,1.36
3/19/2025 16:52:32,102,193,237.85,67.08,170.77,1.23,1.27
3/19/2025 17:13:19,89,163,224.88,63.42,161.46,1.38,1.21
3/19/2025 18:49:37,32,47,82.17,23.17,58.99,1.75,2.06
3/19/2025 19:16:14,92,206,216.23,60.98,155.25,1.05,1.51
3/19/2025 20:09:19,156,165,364.71,102.86,261.85,2.21,1.29
3/19/2025 21:12:46,205,288,539.13,152.05,387.09,1.87,1.02
3/19/2025 22:30:50,194,199,345.97,97.57,248.4,1.74,1.52
3/19/2025 23:56:39,169,209,454.08,128.06,326.02,2.17,1.34
3/20/2025 0:24:06,158,470,369.12,100.78,268.34,0.79,1.47
3/20/2025 1:39:35,142,389,325.22,88.79,236.42,0.84,1.36
3/20/2025 2:30:04,112,272,266.68,72.81,193.87,0.98,1.42
3/20/2025 3:31:51,84,204,266.68,72.81,193.87,1.31,2.41
3/20/2025 4:33:13,42,61,86.18,23.53,62.65,1.41,5.33
3/20/2025 5:55:21,60,98,118.7,32.41,86.29,1.21,4.73
3/20/2025 6:02:43,72,146,191.88,52.39,139.49,1.31,3.10
3/20/2025 7:38:26,81,180,227.65,62.16,165.5,1.26,1.76
3/20/2025 8:07:18,52,125,157.73,43.07,114.66,1.26,1.14
3/20/2025 9:33:08,60,131,128.46,35.07,93.39,0.98,1.95
3/20/2025 10:56:35,55,143,126.83,34.63,92.2,0.89,1.88
3/20/2025 11:24:13,57,151,131.71,35.96,95.75,0.87,1.80
3/20/2025 12:46:28,47,120,118.7,32.41,86.29,0.99,1.69
3/20/2025 13:14:25,68,128,165.86,45.29,120.58,1.30,1.44
3/20/2025 14:02:24,78,147,165.86,45.29,120.58,1.13,1.79
3/20/2025 15:31:53,80,168,204.89,55.94,148.95,1.22,1.29
3/20/2025 16:20:14,99,215,320.34,87.46,232.88,1.49,1.17
3/20/2025 17:23:03,85,164,263.43,71.92,191.5,1.61,1.28
3/20/2025 18:29:41,32,48,94.31,25.75,68.56,1.96,1.92
3/20/2025 19:20:32,87,176,191.88,52.39,139.49,1.09,1.80
3/20/2025 20:32:15,125,109,287.82,78.58,209.23,2.64,1.49
3/20/2025 21:51:37,165,194,453.68,123.87,329.81,2.34,1.09
3/20/2025 22:23:11,181,215,460.18,125.64,334.54,2.14,1.19
3/20/2025 23:45:11,161,197,479.69,130.97,348.72,2.43,0.91
3/21/2025 0:55:19,151,522,430.53,119.92,310.6,0.82,1.10
3/21/2025 1:07:29,120,327,302.39,84.23,218.16,0.92,1.20
3/21/2025 2:16:12,94,245,281.89,78.52,203.37,1.15,1.42
3/21/2025 3:05:26,60,124,187.93,52.35,135.58,1.52,5.64
3/21/2025 4:32:29,48,91,155.47,43.31,112.16,1.71,4.24
3/21/2025 5:56:16,54,106,167.43,46.64,120.79,1.58,3.54
3/21/2025 6:25:04,75,152,179.39,49.97,129.42,1.18,3.96
3/21/2025 7:32:56,62,112,140.09,39.02,101.07,1.25,3.25
3/21/2025 8:23:34,43,96,124.72,34.74,89.98,1.30,1.52
3/21/2025 9:34:51,39,83,114.47,31.88,82.58,1.38,1.61
3/21/2025 10:26:38,40,107,124.72,34.74,89.98,1.17,2.42
3/21/2025 11:38:05,16,31,47.84,13.32,34.51,1.54,5.02
3/21/2025 12:21:56,15,29,39.29,10.95,28.35,1.35,4.38
3/21/2025 13:43:09,53,106,174.26,48.54,125.72,1.64,1.67
3/21/2025 14:56:47,50,86,126.42,35.22,91.21,1.47,2.88
3/21/2025 15:34:56,80,166,187.93,52.35,135.58,1.13,1.30
3/21/2025 16:54:15,80,145,222.1,61.87,160.23,1.53,1.34
3/21/2025 17:52:33,102,238,336.56,93.75,242.81,1.41,1.07
3/21/2025 18:45:10,40,70,133.26,37.12,96.14,1.90,1.27
3/21/2025 19:14:22,75,151,177.68,49.49,128.19,1.18,1.71
3/21/2025 20:50:30,130,145,392.94,109.45,283.49,2.71,1.10
3/21/2025 21:26:23,180,209,416.86,116.12,300.74,1.99,1.18
3/21/2025 22:53:41,188,216,411.73,114.69,297.05,1.91,1.40
3/21/2025 23:20:27,172,186,377.57,105.17,272.39,2.03,1.37
3/22/2025 0:27:23,132,357,289.47,81.85,207.62,0.81,1.39
3/22/2025 1:50:45,121,330,292.57,82.72,209.84,0.89,1.22
3/22/2025 2:34:53,112,330,329.72,93.23,236.49,1.00,1.18
3/22/2025 3:19:50,77,178,222.91,63.03,159.88,1.25,3.90
3/22/2025 4:23:44,56,91,105.26,29.76,75.5,1.16,5.41
3/22/2025 5:42:39,54,89,111.45,31.51,79.94,1.25,5.83
3/22/2025 6:40:22,66,122,143.96,40.7,103.26,1.18,4.98
3/22/2025 7:47:55,56,109,159.44,45.08,114.36,1.46,1.99
3/22/2025 8:37:55,55,142,167.18,47.27,119.91,1.18,1.15
3/22/2025 9:39:06,49,117,142.41,40.27,102.15,1.22,1.18
3/22/2025 10:07:29,49,142,145.51,41.14,104.37,1.02,1.30
3/22/2025 11:30:17,39,88,80.49,22.76,57.73,0.91,2.01
3/22/2025 12:53:04,43,112,114.55,32.39,82.16,1.02,1.55
3/22/2025 13:33:14,69,127,142.41,40.27,102.15,1.12,1.51
3/22/2025 14:27:06,70,153,201.24,56.9,144.34,1.32,1.13
3/22/2025 15:10:04,79,186,229.1,64.78,164.32,1.23,1.10
3/22/2025 16:52:31,103,185,210.52,59.53,151,1.14,1.49
3/22/2025 17:15:22,99,184,224.46,63.46,160.99,1.22,1.36
3/22/2025 18:48:15,48,85,131.58,37.2,94.37,1.55,1.63
3/22/2025 19:02:53,87,219,256.96,72.66,184.31,1.17,1.12
3/22/2025 20:24:06,119,112,294.11,83.16,210.95,2.63,1.12
3/22/2025 21:15:44,179,200,382.35,108.11,274.24,1.91,1.26
3/22/2025 22:15:52,167,185,377.7,106.8,270.91,2.04,1.19
3/22/2025 23:25:37,168,172,337.46,95.42,242.04,1.96,1.54
3/23/2025 0:18:06,137,371,302.78,83.02,219.76,0.82,1.30
3/23/2025 1:42:28,100,239,247.13,67.76,179.37,1.03,1.41
3/23/2025 2:23:04,82,198,252.04,69.11,182.93,1.27,1.22
3/23/2025 3:30:51,71,127,140.75,38.59,102.16,1.11,6.15
3/23/2025 4:33:48,33,45,67.1,18.4,48.7,1.49,8.54
3/23/2025 5:40:20,48,85,135.84,37.25,98.59,1.60,3.78
3/23/2025 6:09:40,78,188,250.41,68.66,181.75,1.33,2.74
3/23/2025 7:38:05,89,189,199.67,54.75,144.92,1.06,1.88
3/23/2025 8:46:27,80,198,160.39,43.98,116.41,0.81,1.17
3/23/2025 9:42:09,81,211,176.76,48.47,128.29,0.84,1.41
3/23/2025 10:04:38,62,204,196.4,53.85,142.55,0.96,1.57
3/23/2025 11:05:15,63,169,127.66,35,92.65,0.76,1.67
3/23/2025 12:16:27,67,233,217.67,59.69,157.99,0.93,0.90
3/23/2025 13:06:24,71,148,191.49,52.5,138.98,1.29,1.42
3/23/2025 14:05:17,66,134,181.67,49.81,131.85,1.36,1.42
3/23/2025 15:17:48,79,171,206.22,56.54,149.67,1.21,1.17
3/23/2025 16:20:14,84,130,165.3,45.32,119.98,1.27,1.79
3/23/2025 17:22:38,84,130,165.3,45.32,119.98,1.27,1.57
3/23/2025 18:29:38,39,60,94.92,26.03,68.9,1.58,1.83
3/23/2025 19:27:12,75,157,194.76,53.4,141.36,1.24,1.55
3/23/2025 20:27:06,107,97,292.96,80.33,212.63,3.02,1.31
3/23/2025 21:48:04,197,237,445.17,122.06,323.1,1.88,1.28
3/23/2025 22:49:10,177,225,481.17,131.94,349.24,2.14,1.05
3/23/2025 23:17:13,167,196,428.8,117.58,311.22,2.19,1.13
3/24/2025 0:41:16,165,593,443.26,128.52,314.73,0.75,1.11
3/24/2025 1:17:28,145,431,337.79,97.94,239.85,0.78,1.10
3/24/2025 2:09:27,117,331,312.13,90.5,221.63,0.94,1.16
3/24/2025 3:06:18,66,136,181.01,52.48,128.53,1.33,4.84
3/24/2025 4:19:28,50,80,104.04,30.17,73.88,1.30,5.72
3/24/2025 5:51:30,64,124,161.06,46.7,114.36,1.30,3.50
3/24/2025 6:25:44,74,144,161.06,46.7,114.36,1.12,4.37
3/24/2025 7:06:41,68,144,190.99,55.38,135.61,1.33,1.77
3/24/2025 8:28:55,65,161,155.35,45.04,110.31,0.96,1.11
3/24/2025 9:48:25,60,152,161.06,46.7,114.36,1.06,1.45
3/24/2025 10:12:48,52,135,115.45,33.47,81.97,0.86,1.91
3/24/2025 11:39:55,53,150,139.68,40.5,99.18,0.93,1.52
3/24/2025 12:35:04,54,133,98.34,28.51,69.83,0.74,2.08
3/24/2025 13:30:10,78,159,176.73,51.24,125.49,1.11,1.49
3/24/2025 14:06:47,85,180,190.99,55.38,135.61,1.06,1.52
3/24/2025 15:27:15,97,236,245.15,71.08,174.07,1.04,1.15
3/24/2025 16:51:08,100,186,225.19,65.29,159.9,1.21,1.38
3/24/2025 17:37:17,82,146,208.09,60.34,147.75,1.43,1.44
3/24/2025 18:45:19,28,36,51.31,14.88,36.43,1.43,3.18
3/24/2025 19:28:08,81,173,195.26,56.62,138.65,1.13,1.77
3/24/2025 20:35:30,109,104,305.01,88.44,216.57,2.93,1.56
3/24/2025 21:18:46,156,151,309.28,89.68,219.61,2.05,1.53
3/24/2025 22:11:19,145,142,317.83,92.16,225.68,2.24,1.38
3/24/2025 23:56:37,175,181,344.91,100.01,244.91,1.91,1.45
3/25/2025 0:28:23,121,325,256.93,81.5,175.43,0.79,1.56
3/25/2025 1:25:07,97,254,246.72,78.26,168.45,0.97,1.32
3/25/2025 2:20:55,80,155,143.07,45.38,97.68,0.92,2.25
3/25/2025 3:29:36,63,119,134.31,42.6,91.7,1.13,8.50
3/25/2025 4:16:04,37,59,89.05,28.25,60.8,1.51,9.49
3/25/2025 5:05:26,62,107,110.95,35.19,75.75,1.04,8.40
3/25/2025 6:27:39,79,177,188.32,59.74,128.58,1.06,5.16
3/25/2025 7:33:41,65,144,183.94,58.35,125.59,1.28,3.24
3/25/2025 8:23:28,60,142,125.55,39.83,85.72,0.88,1.62
3/25/2025 9:56:35,56,127,115.33,36.58,78.75,0.91,1.84
3/25/2025 10:39:41,49,147,140.15,44.46,95.69,0.95,1.73
3/25/2025 11:33:53,44,118,110.95,35.19,75.75,0.94,1.78
3/25/2025 12:26:02,52,150,129.93,41.21,88.71,0.87,1.62
3/25/2025 13:22:44,68,131,140.15,44.46,95.69,1.07,1.95
3/25/2025 14:31:27,66,134,156.2,49.55,106.65,1.17,1.78
3/25/2025 15:45:50,66,146,185.4,58.81,126.59,1.27,1.66
3/25/2025 16:51:02,90,167,201.46,63.91,137.55,1.21,1.46
3/25/2025 17:37:25,68,112,160.58,50.94,109.64,1.43,2.20
3/25/2025 18:55:52,36,59,99.27,31.49,67.78,1.68,2.21
3/25/2025 19:48:28,80,154,140.15,44.46,95.69,0.91,2.98
3/25/2025 20:55:09,128,146,353.29,112.07,241.22,2.42,1.94
3/25/2025 21:13:33,177,193,331.39,105.12,226.27,1.72,2.24
3/25/2025 22:44:24,178,253,478.83,151.89,326.94,1.89,1.39
3/25/2025 23:07:29,158,177,345.99,109.75,236.24,1.95,1.59
3/26/2025 0:22:42,143,453,334.49,102.72,231.77,0.74,1.55
3/26/2025 1:30:22,106,294,274.45,84.28,190.17,0.93,1.54
3/26/2025 2:11:34,101,219,180.11,55.31,124.8,0.82,2.25
3/26/2025 3:20:56,73,136,132.94,40.82,92.12,0.98,8.26
3/26/2025 4:09:39,59,109,131.51,40.38,91.12,1.21,5.33
3/26/2025 5:40:51,62,117,135.8,41.7,94.1,1.16,6.89
3/26/2025 6:27:44,81,194,215.85,66.28,149.56,1.11,4.03
3/26/2025 7:43:55,73,160,184.4,56.63,127.77,1.15,2.58
3/26/2025 8:21:46,63,153,135.8,41.7,94.1,0.89,1.59
3/26/2025 9:18:53,60,135,112.93,34.68,78.25,0.84,1.74
3/26/2025 10:07:21,52,138,105.78,32.48,73.3,0.77,2.85
3/26/2025 11:49:44,47,135,131.51,40.38,91.12,0.97,1.73
3/26/2025 12:51:23,52,139,108.64,33.36,75.28,0.78,1.73
3/26/2025 13:11:05,72,134,132.94,40.82,92.12,0.99,2.27
3/26/2025 14:49:16,81,199,224.42,68.92,155.51,1.13,1.52
3/26/2025 15:56:23,83,187,194.41,59.7,134.71,1.04,1.67
3/26/2025 16:10:33,85,141,165.82,50.92,114.9,1.18,2.58
3/26/2025 17:03:54,81,138,174.39,53.55,120.84,1.26,2.13
3/26/2025 18:41:27,35,56,91.48,28.09,63.39,1.63,2.44
3/26/2025 19:07:45,64,132,164.39,50.48,113.91,1.25,2.55
3/26/2025 20:46:02,100,86,234.43,71.99,162.44,2.73,2.24
3/26/2025 21:37:48,139,162,368.8,113.25,255.55,2.28,1.52
3/26/2025 22:20:54,137,161,374.52,115.01,259.51,2.33,1.39
3/26/2025 23:08:02,130,138,324.48,99.64,224.84,2.35,1.38
3/27/2025 0:24:45,114,332,280.17,91.82,188.36,0.84,1.33
3/27/2025 1:54:26,99,229,192.78,63.18,129.6,0.84,1.67
3/27/2025 2:52:06,87,186,165.79,54.33,111.46,0.89,1.77
3/27/2025 3:50:29,65,128,142.66,46.75,95.91,1.11,4.75
3/27/2025 4:08:53,45,67,70.69,23.17,47.52,1.06,9.14
3/27/2025 5:40:22,63,114,118.24,38.75,79.49,1.04,6.56
3/27/2025 6:05:45,76,154,150.37,49.28,101.09,0.98,4.64
3/27/2025 7:04:16,76,159,160.65,52.65,108,1.01,2.56
3/27/2025 8:51:39,66,181,161.94,53.07,108.87,0.89,1.67
3/27/2025 9:35:21,67,189,170.93,56.02,114.91,0.90,1.59
3/27/2025 10:56:22,54,163,134.95,44.22,90.72,0.83,1.80
3/27/2025 11:14:44,49,134,109.24,35.8,73.44,0.82,1.86
3/27/2025 12:26:46,47,131,115.67,37.91,77.76,0.88,2.33
3/27/2025 13:18:48,64,112,109.24,35.8,73.44,0.98,2.80
3/27/2025 14:43:44,82,176,168.36,55.18,113.19,0.96,2.11
3/27/2025 15:16:51,108,233,169.65,55.6,114.05,0.73,2.26
3/27/2025 16:39:19,95,189,217.2,71.18,146.02,1.15,1.65
3/27/2025 17:26:47,95,169,178.64,58.54,120.1,1.06,2.04
3/27/2025 18:29:11,40,62,80.97,26.53,54.43,1.31,2.57
3/27/2025 19:49:13,90,217,206.92,67.81,139.11,0.95,2.10
3/27/2025 20:07:06,128,133,296.88,97.29,199.59,2.23,1.89
3/27/2025 21:40:28,167,178,307.16,100.66,206.5,1.73,2.09
3/27/2025 22:03:10,167,205,376.56,123.41,253.16,1.84,1.95
3/27/2025 23:45:25,151,160,303.31,99.4,203.91,1.90,2.45
3/28/2025 0:04:07,117,359,284.42,85.8,198.62,0.79,1.92
3/28/2025 1:16:36,114,376,316.19,95.38,220.81,0.84,1.41
3/28/2025 2:07:42,97,293,277.21,83.62,193.58,0.95,1.60
3/28/2025 3:06:21,62,119,127.05,38.33,88.73,1.07,4.15
3/28/2025 4:05:13,42,73,102.51,30.92,71.59,1.40,4.53
3/28/2025 5:17:25,55,112,142.93,43.12,99.82,1.28,6.00
3/28/2025 6:17:25,77,198,216.57,65.33,151.24,1.09,3.14
3/28/2025 7:11:42,67,125,119.83,36.15,83.68,0.96,3.33
3/28/2025 8:55:45,61,151,124.17,37.46,86.71,0.82,1.79
3/28/2025 9:23:52,49,105,90.96,27.44,63.52,0.87,3.08
3/28/2025 10:18:35,40,101,85.18,25.7,59.49,0.84,2.52
3/28/2025 11:35:42,31,73,69.3,20.91,48.4,0.95,3.43
3/28/2025 12:22:02,31,79,88.07,26.57,61.5,1.11,2.06
3/28/2025 13:09:44,59,116,132.83,40.07,92.76,1.15,2.67
3/28/2025 14:48:13,59,127,157.37,47.47,109.9,1.24,2.85
3/28/2025 15:40:49,64,143,170.37,51.39,118.97,1.19,2.11
3/28/2025 16:02:10,79,140,167.48,50.52,116.96,1.20,2.14
3/28/2025 17:37:02,75,121,138.6,41.81,96.79,1.15,2.55
3/28/2025 18:40:14,34,52,70.75,21.34,49.4,1.36,3.39
3/28/2025 19:07:26,87,202,181.92,54.88,127.04,0.90,2.36
3/28/2025 20:56:07,101,92,225.23,67.94,157.29,2.45,2.18
3/28/2025 21:44:33,123,125,268.54,81.01,187.53,2.15,1.81
3/28/2025 22:12:26,141,156,304.64,91.9,212.74,1.95,1.90
3/28/2025 23:36:24,149,148,259.88,78.4,181.48,1.76,2.50
3/29/2025 0:25:36,117,318,232.7,69.26,163.44,0.73,2.48
3/29/2025 1:16:21,106,357,321.49,95.68,225.81,0.90,1.36
3/29/2025 2:13:33,73,167,174.52,51.94,122.58,1.05,1.94
3/29/2025 3:22:31,66,141,154.62,46.02,108.6,1.10,4.01
3/29/2025 4:03:38,44,86,128.6,38.27,90.32,1.50,3.43
3/29/2025 5:47:14,65,156,189.83,56.5,133.33,1.22,3.49
3/29/2025 6:26:20,79,199,206.67,61.51,145.16,1.04,3.28
3/29/2025 7:29:08,62,117,120.94,35.99,84.95,1.03,3.10
3/29/2025 8:51:45,64,177,151.56,45.11,106.45,0.86,1.51
3/29/2025 9:19:56,52,133,130.13,38.73,91.4,0.98,1.97
3/29/2025 10:34:24,61,190,134.72,40.1,94.62,0.71,1.80
3/29/2025 11:56:44,46,117,84.2,25.06,59.14,0.72,2.86
3/29/2025 12:43:13,41,101,78.08,23.24,54.84,0.77,2.37
3/29/2025 13:14:54,62,131,151.56,45.11,106.45,1.16,1.87
3/29/2025 14:35:23,70,140,136.25,40.55,95.7,0.97,2.69
3/29/2025 15:03:50,84,187,166.87,49.66,117.2,0.89,1.82
3/29/2025 16:23:17,75,138,177.58,52.85,124.73,1.29,2.27
3/29/2025 17:04:39,73,135,179.11,53.31,125.81,1.33,2.14
3/29/2025 18:48:50,38,65,97.98,29.16,68.82,1.51,2.47
3/29/2025 19:03:22,66,135,140.84,41.92,98.92,1.04,4.34
3/29/2025 20:30:11,91,88,246.47,73.36,173.12,2.80,3.14
3/29/2025 21:37:46,105,92,212.79,63.33,149.46,2.31,3.66
3/29/2025 22:35:02,87,69,177.58,52.85,124.73,2.57,4.98
3/29/2025 23:40:54,105,109,270.97,80.65,190.32,2.49,2.65
3/30/2025 0:33:46,72,237,233.8,65.85,167.96,0.99,2.78
3/30/2025 1:44:33,70,204,195.67,55.1,140.56,0.96,2.66
3/30/2025 2:44:56,68,173,157.53,44.36,113.16,0.91,2.59
3/30/2025 3:36:17,50,113,127.68,35.96,91.72,1.13,5.03
3/30/2025 4:04:13,41,91,124.36,35.02,89.34,1.37,7.69
3/30/2025 5:42:07,17,26,54.72,15.41,39.31,2.10,14.44
3/30/2025 6:53:28,19,29,51.4,14.48,36.93,1.77,9.57
3/30/2025 7:11:38,28,47,67.99,19.15,48.84,1.45,14.94
3/30/2025 8:11:11,29,60,61.35,17.28,44.07,1.02,11.93
3/30/2025 9:20:29,35,85,87.88,24.75,63.13,1.03,6.42
3/30/2025 10:56:36,34,95,81.25,22.88,58.37,0.86,4.69
3/30/2025 11:24:43,44,156,129.34,36.43,92.91,0.83,2.86
3/30/2025 12:03:48,44,156,129.34,36.43,92.91,0.83,3.22
3/30/2025 13:22:35,37,67,82.91,23.35,59.56,1.24,4.70
3/30/2025 14:34:53,33,55,67.99,19.15,48.84,1.24,4.57
3/30/2025 15:18:46,35,63,82.91,23.35,59.56,1.32,3.20
3/30/2025 16:25:05,35,56,102.81,28.95,73.85,1.84,2.27
3/30/2025 17:27:02,51,104,157.53,44.36,113.16,1.51,1.61
3/30/2025 18:45:51,40,88,122.71,34.56,88.15,1.39,1.56
3/30/2025 19:44:47,47,107,129.34,36.43,92.91,1.21,1.81
3/30/2025 20:55:27,53,47,162.5,45.77,116.74,3.46,1.70
3/30/2025 21:55:19,74,86,242.1,68.18,173.91,2.82,1.68
3/30/2025 22:38:18,82,81,189.03,53.24,135.8,2.33,2.04
3/30/2025 23:45:10,94,102,218.88,61.64,157.24,2.15,1.59
3/31/2025 0:14:07,86,211,169.8,48.52,121.28,0.80,1.82
3/31/2025 1:47:30,67,145,136.14,38.9,97.24,0.94,1.70
3/31/2025 2:09:17,67,160,162.15,46.33,115.82,1.01,1.20
3/31/2025 3:45:35,61,144,159.09,45.46,113.63,1.10,2.09
3/31/2025 4:14:28,58,124,133.08,38.03,95.06,1.07,2.79
3/31/2025 5:08:18,41,83,119.32,34.09,85.22,1.44,2.77
3/31/2025 6:09:44,50,94,104.02,29.72,74.3,1.11,2.86
3/31/2025 7:27:47,49,91,99.43,28.41,71.02,1.09,4.06
3/31/2025 8:55:34,47,122,117.79,33.65,84.13,0.97,2.11
3/31/2025 9:38:11,51,137,123.91,35.4,88.5,0.90,1.80
3/31/2025 10:37:32,47,142,108.61,31.03,77.58,0.76,1.61
3/31/2025 11:25:55,43,122,94.84,27.1,67.74,0.78,2.40
3/31/2025 12:27:47,34,96,97.9,27.97,69.93,1.02,1.71
3/31/2025 13:30:44,45,87,110.14,31.47,78.67,1.27,2.19
3/31/2025 14:45:20,50,102,122.38,34.97,87.41,1.20,1.97
3/31/2025 15:53:40,50,111,143.79,41.09,102.71,1.30,1.65
3/31/2025 16:34:24,50,79,114.73,32.78,81.95,1.45,1.93
3/31/2025 17:02:16,69,145,189.68,54.2,135.48,1.31,1.36
3/31/2025 18:26:07,68,157,152.97,43.71,109.26,0.97,1.52
3/31/2025 19:54:34,76,167,140.73,40.21,100.52,0.84,1.99
3/31/2025 20:21:11,88,76,177.44,50.7,126.74,2.33,1.84
3/31/2025 21:44:23,103,123,289.11,82.61,206.5,2.35,1.76
3/31/2025 22:12:29,96,97,229.45,65.56,163.89,2.37,2.07
3/31/2025 23:56:21,106,104,217.22,62.06,155.15,2.09,1.81
4/1/2025 0:30:45,80,194,185.27,50.86,134.41,0.96,1.56
4/1/2025 1:16:10,81,214,211.95,58.19,153.76,0.99,1.26
4/1/2025 2:19:38,61,117,118.57,32.55,86.02,1.01,1.70
4/1/2025 3:34:38,64,128,128.95,35.4,93.55,1.01,2.54
4/1/2025 4:17:30,50,102,134.88,37.03,97.85,1.32,2.83
4/1/2025 5:28:14,40,63,75.59,20.75,54.84,1.20,5.09
4/1/2025 6:46:34,51,95,111.16,30.52,80.64,1.17,2.89
4/1/2025 7:20:51,62,132,146.73,40.28,106.45,1.11,2.67
4/1/2025 8:43:52,70,218,180.82,49.64,131.18,0.83,1.32
4/1/2025 9:41:56,66,204,177.86,48.83,129.03,0.87,1.30
4/1/2025 10:47:12,44,133,120.06,32.96,87.1,0.90,1.44
4/1/2025 11:56:15,48,155,137.84,37.84,100,0.89,1.36
4/1/2025 12:45:22,49,139,106.72,29.3,77.42,0.77,1.82
4/1/2025 13:31:25,48,96,128.95,35.4,93.55,1.34,1.51
4/1/2025 14:48:13,55,110,130.43,35.81,94.62,1.19,1.62
4/1/2025 15:20:39,54,110,134.88,37.03,97.85,1.23,1.56
4/1/2025 16:20:52,65,124,179.34,49.24,130.11,1.45,1.39
4/1/2025 17:18:32,78,165,211.95,58.19,153.76,1.28,1.17
4/1/2025 18:31:44,70,161,167.48,45.98,121.5,1.04,1.23
4/1/2025 19:22:36,89,209,174.9,48.01,126.88,0.84,2.01
4/1/2025 20:41:02,98,93,228.25,62.66,165.59,2.45,1.55
4/1/2025 21:19:54,113,100,204.54,56.15,148.39,2.05,2.52
4/1/2025 22:42:07,110,106,235.66,64.7,170.97,2.22,1.87
4/1/2025 23:50:44,108,109,253.45,69.58,183.87,2.33,1.42
4/2/2025 0:32:05,98,221,173.85,51.47,122.39,0.79,1.90
4/2/2025 1:51:11,98,227,183.21,54.24,128.98,0.81,1.64
4/2/2025 2:49:29,94,200,156.47,46.32,110.15,0.78,1.91
4/2/2025 3:42:02,72,156,161.82,47.9,113.91,1.04,2.00
4/2/2025 4:10:04,60,106,105.65,31.28,74.37,1.00,3.25
4/2/2025 5:38:26,47,85,111,32.86,78.14,1.31,3.40
4/2/2025 6:22:21,64,132,148.44,43.94,104.5,1.12,2.49
4/2/2025 7:49:38,79,183,183.21,54.24,128.98,1.00,2.05
4/2/2025 8:12:25,79,216,153.79,45.53,108.26,0.71,1.55
4/2/2025 9:32:21,78,212,151.12,44.74,106.38,0.71,1.48
4/2/2025 10:48:42,77,248,148.44,43.94,104.5,0.60,1.37
4/2/2025 11:31:51,76,243,145.77,43.15,102.62,0.60,1.42
4/2/2025 12:18:47,61,203,157.8,46.71,111.09,0.78,1.17
4/2/2025 13:22:49,60,106,105.65,31.28,74.37,1.00,1.80
4/2/2025 14:40:30,58,98,96.29,28.5,67.78,0.98,2.04
4/2/2025 15:38:17,64,121,124.37,36.82,87.55,1.03,2.03
4/2/2025 16:45:51,73,110,123.03,36.42,86.61,1.12,1.76
4/2/2025 17:29:48,86,148,160.48,47.51,112.97,1.08,1.63
4/2/2025 18:28:16,79,182,180.54,53.44,127.09,0.99,1.16
4/2/2025 19:15:40,104,292,251.42,74.43,176.99,0.86,1.26
4/2/2025 20:38:27,108,102,243.39,72.05,171.34,2.39,1.43
4/2/2025 21:06:14,127,149,335.67,99.37,236.3,2.25,1.28
4/2/2025 22:50:12,106,107,268.8,79.57,189.23,2.51,1.45
4/2/2025 23:38:20,130,141,299.56,88.68,210.88,2.12,1.32
4/3/2025 0:08:02,117,348,287.84,86.74,201.09,0.83,1.05
4/3/2025 1:49:29,91,211,191.89,57.83,134.06,0.91,1.42
4/3/2025 2:13:25,75,172,187.9,56.63,131.27,1.09,1.30
4/3/2025 3:47:12,64,124,137.26,41.36,95.89,1.11,2.25
4/3/2025 4:16:50,48,83,106.61,32.13,74.48,1.28,3.11
4/3/2025 5:21:56,47,84,115.94,34.94,81,1.38,3.76
4/3/2025 6:10:24,66,131,142.59,42.97,99.62,1.09,2.27
4/3/2025 7:05:47,70,158,182.56,55.02,127.55,1.16,2.02
4/3/2025 8:22:29,84,213,138.59,41.77,96.82,0.65,1.75
4/3/2025 9:14:05,81,222,162.58,48.99,113.58,0.73,1.33
4/3/2025 10:37:25,87,306,182.56,55.02,127.55,0.60,1.28
4/3/2025 11:26:56,73,208,119.93,36.14,83.79,0.58,1.89
4/3/2025 12:27:49,66,196,133.26,40.16,93.1,0.68,1.37
4/3/2025 13:27:47,49,91,123.93,37.35,86.58,1.36,1.56
4/3/2025 14:38:18,60,121,147.92,44.58,103.34,1.22,1.66
4/3/2025 15:06:43,67,132,141.25,42.57,98.69,1.07,1.80
4/3/2025 16:36:56,82,156,201.22,60.64,140.58,1.29,1.43
4/3/2025 17:45:13,101,212,235.87,71.08,164.79,1.11,1.24
4/3/2025 18:41:06,103,241,194.56,58.63,135.92,0.81,1.37
4/3/2025 19:54:18,126,304,205.22,61.85,143.37,0.68,1.82
4/3/2025 20:49:11,105,83,186.56,56.22,130.34,2.25,1.85
4/3/2025 21:11:23,135,138,286.51,86.34,200.16,2.08,1.61
4/3/2025 22:19:23,132,116,226.54,68.27,158.27,1.95,1.91
4/3/2025 23:02:15,125,140,327.82,98.79,229.02,2.34,0.99
4/4/2025 0:20:45,125,382,283.19,78.06,205.14,0.74,1.14
4/4/2025 1:16:12,96,210,163.95,45.19,118.76,0.78,1.82
4/4/2025 2:21:36,82,178,161.24,44.45,116.8,0.91,1.62
4/4/2025 3:28:37,69,152,165.31,45.57,119.74,1.09,1.83
4/4/2025 4:25:48,65,140,158.53,43.7,114.84,1.13,2.11
4/4/2025 5:25:45,52,89,98.91,27.26,71.65,1.11,3.54
4/4/2025 6:33:42,63,113,108.4,29.88,78.52,0.96,2.81
4/4/2025 7:30:50,53,92,100.27,27.64,72.63,1.09,2.66
4/4/2025 8:04:38,55,140,132.79,36.6,96.19,0.95,1.13
4/4/2025 9:17:12,61,169,155.82,42.95,112.87,0.92,1.09
4/4/2025 10:13:24,55,156,112.46,31,81.47,0.72,1.33
4/4/2025 11:05:24,38,94,81.3,22.41,58.89,0.86,1.66
4/4/2025 12:03:17,28,64,65.04,17.93,47.11,1.02,2.00
4/4/2025 13:23:22,47,78,90.78,25.02,65.76,1.16,2.45
4/4/2025 14:46:28,66,134,140.92,38.84,102.08,1.05,1.30
4/4/2025 15:22:42,77,188,197.83,54.53,143.3,1.05,1.13
4/4/2025 16:04:38,94,170,173.44,47.81,125.63,1.02,1.52
4/4/2025 17:27:54,101,214,227.64,62.75,164.89,1.06,1.10
4/4/2025 18:42:21,99,221,169.37,46.69,122.69,0.77,1.58
4/4/2025 19:09:44,129,454,346.88,95.61,251.27,0.76,1.01
4/4/2025 20:36:51,104,93,220.86,60.88,159.99,2.37,1.57
4/4/2025 21:34:39,124,136,300.81,82.91,217.9,2.21,1.61
4/4/2025 22:19:02,122,109,219.51,60.51,159,2.01,1.75
4/4/2025 23:02:43,130,128,257.45,70.96,186.49,2.01,1.34
4/5/2025 0:23:11,124,353,262.57,76.57,186,0.74,1.36
4/5/2025 1:47:05,84,203,202.4,59.02,143.38,1.00,1.00
4/5/2025 2:41:16,98,281,265.31,77.37,187.94,0.94,0.88
4/5/2025 3:36:18,72,134,121.71,35.49,86.22,0.91,2.66
4/5/2025 4:24:05,63,139,170.94,49.85,121.1,1.23,1.92
4/5/2025 5:33:27,41,63,77.95,22.73,55.22,1.24,4.44
4/5/2025 6:16:43,63,136,164.11,47.85,116.25,1.21,1.96
4/5/2025 7:10:10,75,173,185.99,54.24,131.75,1.08,1.82
4/5/2025 8:54:34,91,248,157.27,45.86,111.41,0.63,1.35
4/5/2025 9:25:19,95,286,187.36,54.63,132.72,0.66,1.31
4/5/2025 10:23:42,78,282,188.72,55.03,133.69,0.67,0.97
4/5/2025 11:08:51,70,220,143.59,41.87,101.72,0.65,1.23
4/5/2025 12:21:32,61,182,129.92,37.89,92.03,0.71,1.29
4/5/2025 13:13:56,64,122,129.92,37.89,92.03,1.06,1.32
4/5/2025 14:55:24,67,138,151.8,44.27,107.53,1.10,1.27
4/5/2025 15:30:05,72,139,132.65,38.68,93.97,0.95,1.65
4/5/2025 16:30:07,90,177,207.87,60.62,147.25,1.17,1.16
4/5/2025 17:43:50,111,216,203.77,59.42,144.35,0.94,1.35
4/5/2025 18:22:17,89,193,166.84,48.65,118.19,0.86,1.47
4/5/2025 19:05:38,102,234,184.62,53.84,130.78,0.79,1.49
4/5/2025 20:54:50,109,89,194.19,56.63,137.56,2.18,1.62
4/5/2025 21:20:54,100,79,188.72,55.03,133.69,2.39,2.17
4/5/2025 22:21:41,95,68,155.9,45.46,110.44,2.29,2.03
4/5/2025 23:28:08,111,118,299.5,87.34,212.16,2.54,1.05